Medicine_Name,Category,Manufacturer,Pack_Size,Composition,Scraped_Price_INR,Scraped_Availability,Source_Portal,Source_URL
Amoxyclav 625 Tablet,Antibiotics,Abbott,strip of 10 tablets,Amoxycillin  (500mg) +  Clavulanic Acid (125mg),195.4,In Stock,Tata 1mg Public Catalogue,https://www.1mg.com/drugs/amoxyclav-625-tablet-491614
Amoxyclav 375 Tablet,Antibiotics,Abbott,strip of 10 tablets,Amoxycillin  (250mg) +  Clavulanic Acid (125mg),264.13,In Stock,Tata 1mg Public Catalogue,https://www.1mg.com/drugs/amoxyclav-375-tablet-349279
Azithral 500 Tablet,Antibiotics,Alembic Pharmaceuticals Ltd,strip of 5 tablets,Azithromycin (500mg),126.73,In Stock,Tata 1mg Public Catalogue,https://www.1mg.com/drugs/azithral-500-tablet-325616
Azithral 200 Liquid,Antibiotics,Alembic Pharmaceuticals Ltd,bottle of 15 ml Oral Suspension,Azithromycin (200mg/5ml),54.97,In Stock,Tata 1mg Public Catalogue,https://www.1mg.com/drugs/azithral-200-liquid-134462
Azithral 100 Liquid,Antibiotics,Alembic Pharmaceuticals Ltd,bottle of 15 ml Oral Suspension,Azithromycin (20mg/ml),62.55,In Stock,Tata 1mg Public Catalogue,https://www.1mg.com/drugs/azithral-100-liquid-134412
Azithral XL 200 Liquid,Antibiotics,Alembic Pharmaceuticals Ltd,bottle of 30 ml Oral Suspension,Azithromycin (200mg/5ml),109.93,In Stock,Tata 1mg Public Catalogue,https://www.1mg.com/drugs/azithral-xl-200-liquid-72666
Ciprobid 500 Tablet,Antibiotics,Zydus Cadila,strip of 10 tablets,Ciprofloxacin (500mg),45.36,In Stock,Tata 1mg Public Catalogue,https://www.1mg.com/drugs/ciprobid-500-tablet-180018
Ciprodac 500 Tablet,Antibiotics,Cadila Pharmaceuticals Ltd,strip of 10 tablets,Ciprofloxacin (500mg),45.3,In Stock,Tata 1mg Public Catalogue,https://www.1mg.com/drugs/ciprodac-500-tablet-56644
Ciprolar-FC Cream,Antibiotics,Lark Laboratories Ltd,tube of 20 gm Cream,Fluocinolone acetonide (0.025% w/w) + Ciprofloxacin (0.5% w/w) + Clotrimazole (1% w/w),31.7,In Stock,Tata 1mg Public Catalogue,https://www.1mg.com/drugs/ciprolar-fc-cream-270023
cEFix 200 Tablet,Antibiotics,Cipla Ltd,strip of 10 tablets,Cefixime (200mg),105.1,In Stock,Tata 1mg Public Catalogue,https://www.1mg.com/drugs/cefix-200-tablet-148152
Cefix-O  Tablet,Antibiotics,Cipla Ltd,strip of 10 tablets,Cefixime (200mg) + Ofloxacin (200mg),301.96,In Stock,Tata 1mg Public Catalogue,https://www.1mg.com/drugs/cefix-o-tablet-294038
Cefi X L 200mg Tablet,Antibiotics,Swiss Pharma Pvt Ltd,strip of 10 tablets,Cefixime (200mg) + Cloxacillin (500mg),191.51,Out of Stock,Tata 1mg Public Catalogue,https://www.1mg.com/drugs/cefi-x-l-200mg-tablet-226789
cEFix 100 Tablet,Antibiotics,Cipla Ltd,strip of 10 tablets,Cefixime (100mg),130.38,In Stock,Tata 1mg Public Catalogue,https://www.1mg.com/drugs/cefix-100-tablet-111528
Cefi XL + Tablet IR,Antibiotics,Abbott,strip of 10 tablet mr,Cefixime (200mg) + Dicloxacillin (500mg) + Lactobacillus (2.5Billion Spores),254.89,In Stock,Tata 1mg Public Catalogue,https://www.1mg.com/drugs/cefi-xl-tablet-ir-845117
Augmentin 625 Duo Tablet,Antibiotics,Glaxo SmithKline Pharmaceuticals Ltd,strip of 10 tablets,Amoxycillin  (500mg) +  Clavulanic Acid (125mg),196.65,In Stock,Tata 1mg Public Catalogue,https://www.1mg.com/drugs/augmentin-625-duo-tablet-138629
Augmentin Duo Oral Suspension,Antibiotics,Glaxo SmithKline Pharmaceuticals Ltd,bottle of 30 ml Oral Suspension,Amoxycillin  (200mg) +  Clavulanic Acid (28.5mg),64.42,In Stock,Tata 1mg Public Catalogue,https://www.1mg.com/drugs/augmentin-duo-oral-suspension-324979
Augmentin DDS Suspension,Antibiotics,Glaxo SmithKline Pharmaceuticals Ltd,bottle of 30 ml Oral Suspension,Amoxycillin  (400mg/5ml) +  Clavulanic Acid (57mg/5ml),215.6,In Stock,Tata 1mg Public Catalogue,https://www.1mg.com/drugs/augmentin-dds-suspension-63460
Augmentin 1000 Duo Tablet,Antibiotics,Glaxo SmithKline Pharmaceuticals Ltd,strip of 10 tablets,Amoxycillin  (875mg) +  Clavulanic Acid (125mg),681.98,In Stock,Tata 1mg Public Catalogue,https://www.1mg.com/drugs/augmentin-1000-duo-tablet-163191
Augmentin 1.2gm Injection,Antibiotics,Glaxo SmithKline Pharmaceuticals Ltd,vial of 1 Powder for Injection,Amoxycillin  (1000mg) +  Clavulanic Acid (200mg),151.21,In Stock,Tata 1mg Public Catalogue,https://www.1mg.com/drugs/augmentin-1.2gm-injection-324901
Doxy-1 L-Dr Forte Capsule,Antibiotics,USV Private Limited,strip of 10 capsules,Doxycycline (100mg) + Lactobacillus (5Billion Spores),113.2,In Stock,Tata 1mg Public Catalogue,https://www.1mg.com/drugs/doxy-1-l-dr-forte-capsule-190127
Doxy A 100mg Capsule,Antibiotics,Acichem Laboratories,strip of 10 capsules,Doxycycline (100mg),14.06,Out of Stock,Tata 1mg Public Catalogue,https://www.1mg.com/drugs/doxy-a-100mg-capsule-455265
Doxy Tablet,Antibiotics,A N Pharmacia,strip of 10 tablets,Doxycycline (NA),65.16,Out of Stock,Tata 1mg Public Catalogue,https://www.1mg.com/drugs/doxy-tablet-150807
Doxypal DR-L Capsule,Antibiotics,Jagsonpal Pharmaceuticals Ltd,strip of 10 capsules,Doxycycline (100mg) + Lactobacillus (5Billion Spores),121.82,In Stock,Tata 1mg Public Catalogue,https://www.1mg.com/drugs/doxypal-dr-l-capsule-6006
Doxybond-LB Capsule,Antibiotics,Brinton Pharmaceuticals Pvt Ltd,strip of 10 capsules,Doxycycline (100mg) + Lactobacillus (5Billion Spores),133.13,In Stock,Tata 1mg Public Catalogue,https://www.1mg.com/drugs/doxybond-lb-capsule-335559
MEtrogyl ER Tablet,Antibiotics,J B Chemicals and Pharmaceuticals Ltd,strip of 10 tablet er,Metronidazole (600mg),77.48,Out of Stock,Tata 1mg Public Catalogue,https://www.1mg.com/drugs/metrogyl-er-tablet-347283
Metrogyl DG Forte Gel,Antibiotics,J B Chemicals and Pharmaceuticals Ltd,tube of 20 gm Dental Gel,Chlorhexidine Gluconate (0.5% w/w) + Metronidazole (1.5% w/w),84.72,In Stock,Tata 1mg Public Catalogue,https://www.1mg.com/drugs/metrogyl-dg-forte-gel-130080
MEtrogyl Suspension,Antibiotics,J B Chemicals and Pharmaceuticals Ltd,bottle of 60 ml Oral Suspension,Metronidazole (200mg/5ml),33.0,Out of Stock,Tata 1mg Public Catalogue,https://www.1mg.com/drugs/metrogyl-suspension-294146
Metrohex Plus + Gel,Antibiotics,Dr Reddy's Laboratories Ltd,tube of 20 gm Dental Gel,Lidocaine (2% w/w) + Chlorhexidine Gluconate (1% w/w) + Metronidazole (1% w/w),127.87,In Stock,Tata 1mg Public Catalogue,https://www.1mg.com/drugs/metrohex-plus-gel-654646
LEVoflox 500 Tablet,Antibiotics,Cipla Ltd,strip of 10 tablets,Levofloxacin (500mg),96.68,In Stock,Tata 1mg Public Catalogue,https://www.1mg.com/drugs/levoflox-500-tablet-165440
Levolin 1mg Syrup Orange,Antibiotics,Cipla Ltd,bottle of 100 ml Syrup,Levosalbutamol (1mg/5ml),33.23,In Stock,Tata 1mg Public Catalogue,https://www.1mg.com/drugs/levolin-1mg-syrup-orange-14976
Levocet M Tablet,Antibiotics,Hetero Drugs Ltd,strip of 10 tablets,Levocetirizine (5mg) + Montelukast (10mg),112.0,In Stock,Tata 1mg Public Catalogue,https://www.1mg.com/drugs/levocet-m-tablet-122690
Levocet Tablet,Antibiotics,Hetero Healthcare Limited,strip of 10 tablets,Levocetirizine (5mg),52.9,In Stock,Tata 1mg Public Catalogue,https://www.1mg.com/drugs/levocet-tablet-69789
Claribid 500 Tablet,Antibiotics,Abbott,strip of 10 tablets,Clarithromycin (500mg),428.29,In Stock,Tata 1mg Public Catalogue,https://www.1mg.com/drugs/claribid-500-tablet-351227
Claribid 250 Tablet,Antibiotics,Abbott,strip of 10 tablets,Clarithromycin (250mg),258.68,In Stock,Tata 1mg Public Catalogue,https://www.1mg.com/drugs/claribid-250-tablet-359123
Clarigard  500 Tablet,Antibiotics,Macleods Pharmaceuticals Pvt Ltd,strip of 10 tablets,Clarithromycin (500mg),334.14,In Stock,Tata 1mg Public Catalogue,https://www.1mg.com/drugs/clarigard-500-tablet-324569
Clarigard  250 Tablet,Antibiotics,Macleods Pharmaceuticals Pvt Ltd,strip of 10 tablets,Clarithromycin (250mg),199.07,In Stock,Tata 1mg Public Catalogue,https://www.1mg.com/drugs/clarigard-250-tablet-324568
Clarinova Dry Syrup,Antibiotics,Mankind Pharma Ltd,bottle of 30 ml Powder for Oral Suspension,Clarithromycin (125mg),147.4,In Stock,Tata 1mg Public Catalogue,https://www.1mg.com/drugs/clarinova-dry-syrup-140405
Cephadex 500 Capsule,Antibiotics,Cipla Ltd,strip of 10 capsules,Cefalexin (500mg),197.15,In Stock,Tata 1mg Public Catalogue,https://www.1mg.com/drugs/cephadex-500-capsule-50480
Cephadex 250 Tablet DT,Antibiotics,Cipla Ltd,strip of 10 tablet dt,Cefalexin (250mg),167.4,In Stock,Tata 1mg Public Catalogue,https://www.1mg.com/drugs/cephadex-250-tablet-dt-264732
Cephalkem 500mg Capsule,Antibiotics,Alkem Laboratories Ltd,strip of 10 capsules,Cefalexin (500mg),186.55,In Stock,Tata 1mg Public Catalogue,https://www.1mg.com/drugs/cephalkem-500mg-capsule-267224
Cephaxin 500mg Capsule,Antibiotics,Biochem Pharmaceutical Industries,strip of 10 capsules,Cefalexin (500mg),152.53,Out of Stock,Tata 1mg Public Catalogue,https://www.1mg.com/drugs/cephaxin-500mg-capsule-260466
Cephadex 250 Capsule,Antibiotics,Cipla Ltd,strip of 10 capsules,Cefalexin (250mg),89.21,In Stock,Tata 1mg Public Catalogue,https://www.1mg.com/drugs/cephadex-250-capsule-266389
Oflox OZ Tablet,Antibiotics,Cipla Ltd,strip of 10 tablets,Ofloxacin (200mg) + Ornidazole (500mg),206.39,In Stock,Tata 1mg Public Catalogue,https://www.1mg.com/drugs/oflox-oz-tablet-65786
OFLox 200 Tablet,Antibiotics,Cipla Ltd,strip of 10 tablets,Ofloxacin (200mg),110.5,In Stock,Tata 1mg Public Catalogue,https://www.1mg.com/drugs/oflox-200-tablet-158252
OFLox Eye/Ear Drop,Antibiotics,Cipla Ltd,bottle of 5 ml Ophthalmic Solution,Ofloxacin (0.3% w/v),50.63,In Stock,Tata 1mg Public Catalogue,https://www.1mg.com/drugs/oflox-eye-ear-drop-121852
OFLox 100 Rediuse Oral Suspension,Antibiotics,Cipla Ltd,bottle of 60 ml Oral Suspension,Ofloxacin (100mg/5ml),185.39,In Stock,Tata 1mg Public Catalogue,https://www.1mg.com/drugs/oflox-100-rediuse-oral-suspension-337969
Clindamycin Phosphate Gel,Antibiotics,Nanz Med Science Pharma Ltd,tube of 20 gm Gel,Clindamycin (1% w/w),90.0,Out of Stock,Tata 1mg Public Catalogue,https://www.1mg.com/drugs/clindamycin-phosphate-gel-707300
Clindac A 1% Gel,Antibiotics,Alkem Laboratories Ltd,tube of 20 gm Gel,Clindamycin (1% w/w),252.0,Out of Stock,Tata 1mg Public Catalogue,https://www.1mg.com/drugs/clindac-a-1-gel-511899
Clindac AP Gel,Antibiotics,Alkem Laboratories Ltd,tube of 15 gm Gel,Adapalene (0.1% w/w) + Clindamycin (1% w/w),396.95,In Stock,Tata 1mg Public Catalogue,https://www.1mg.com/drugs/clindac-ap-gel-652191
Clindakem A Gel,Antibiotics,Alkem Laboratories Ltd,tube of 20 gm Gel,Adapalene (NA) + Clindamycin (NA),186.5,Out of Stock,Tata 1mg Public Catalogue,https://www.1mg.com/drugs/clindakem-a-gel-194674
Dolo 650 Tablet,Analgesics & Antipyretics,Micro Labs Ltd,strip of 15 tablets,Paracetamol (650mg),32.28,In Stock,Tata 1mg Public Catalogue,https://www.1mg.com/drugs/dolo-650-tablet-74467
Dolonex DT 20mg Tablet,Analgesics & Antipyretics,Pfizer Ltd,strip of 15 tablet dt,Piroxicam (20mg),268.79,In Stock,Tata 1mg Public Catalogue,https://www.1mg.com/drugs/dolonex-dt-20mg-tablet-344363
Dolokind Plus Tablet,Analgesics & Antipyretics,Mankind Pharma Ltd,strip of 15 tablets,Aceclofenac (100mg) + Paracetamol (325mg),85.35,In Stock,Tata 1mg Public Catalogue,https://www.1mg.com/drugs/dolokind-plus-tablet-509373
Dologel,Analgesics & Antipyretics,Dr Reddy's Laboratories Ltd,bottle of 15 gm Dental Gel,Choline Salicylate (8.7% w/w) + Lidocaine (2% w/w),135.6,In Stock,Tata 1mg Public Catalogue,https://www.1mg.com/drugs/dologel-115022
Dologel-CT Gel,Analgesics & Antipyretics,Dr Reddy's Laboratories Ltd,tube of 10 gm Dental Gel,Choline Salicylate (8.7% w/w) + Lidocaine (2% w/w),116.71,In Stock,Tata 1mg Public Catalogue,https://www.1mg.com/drugs/dologel-ct-gel-125418
Crocin Advance 500mg Tablet,Analgesics & Antipyretics,GlaxoSmithKline India Pvt. Ltd.,strip of 20 tablets,Paracetamol (500mg),19.31,In Stock,Tata 1mg Public Catalogue,https://www.1mg.com/drugs/crocin-advance-500mg-tablet-600468
Crocin Pain Relief Tablet,Analgesics & Antipyretics,GlaxoSmithKline India Pvt. Ltd.,strip of 15 tablets,Caffeine (50mg) + Paracetamol (650mg),82.01,In Stock,Tata 1mg Public Catalogue,https://www.1mg.com/drugs/crocin-pain-relief-tablet-323789
Crocin 650mg Tablet,Analgesics & Antipyretics,GlaxoSmithKline India Pvt. Ltd.,strip of 15 tablets,Paracetamol (650mg),32.28,In Stock,Tata 1mg Public Catalogue,https://www.1mg.com/drugs/crocin-650mg-tablet-90532
Crocin 1000mg Tablet,Analgesics & Antipyretics,GlaxoSmithKline India Pvt. Ltd.,strip of 10 tablets,Paracetamol (1000mg),38.44,Out of Stock,Tata 1mg Public Catalogue,https://www.1mg.com/drugs/crocin-1000mg-tablet-445888
Ibupar 400 mg/325 mg Tablet,Analgesics & Antipyretics,Troikaa Pharmaceuticals Ltd.,strip of 10 tablets,Ibuprofen (400mg) + Paracetamol (325mg),5.16,Out of Stock,Tata 1mg Public Catalogue,https://www.1mg.com/drugs/ibupar-400-mg-325-mg-tablet-299868
Ibuprom Syrup,Analgesics & Antipyretics,Mcastro Pharma,bottle of 60 ml Syrup,Paracetamol (125mg/5ml) + Promethazine (5mg/5ml) + Ibuprofen (100mg/5ml),36.09,Out of Stock,Tata 1mg Public Catalogue,https://www.1mg.com/drugs/ibuprom-syrup-237148
Diclomol Tablet,Analgesics & Antipyretics,Win-Medicare Pvt Ltd,strip of 10 tablets,Diclofenac (50mg) + Paracetamol (325mg),115.78,In Stock,Tata 1mg Public Catalogue,https://www.1mg.com/drugs/diclomol-tablet-64104
DiCLOWiN Plus Tablet,Analgesics & Antipyretics,Wings Pharmaceuticals Pvt Ltd,strip of 10 tablets,Diclofenac (50mg) + Paracetamol (325mg),27.19,In Stock,Tata 1mg Public Catalogue,https://www.1mg.com/drugs/diclowin-plus-tablet-117305
diclogeM Tablet,Analgesics & Antipyretics,Omega Pharmaceuticals Pvt Ltd,strip of 10 tablets,Diclofenac (50mg) + Paracetamol (325mg),28.4,In Stock,Tata 1mg Public Catalogue,https://www.1mg.com/drugs/diclogem-tablet-324846
Diclofenac Sodium  Injection,Analgesics & Antipyretics,Harson Laboratories,vial of 3 ml Injection,Diclofenac (NA),9.28,Out of Stock,Tata 1mg Public Catalogue,https://www.1mg.com/drugs/diclofenac-sodium-injection-281625
Dicloran A Tablet,Analgesics & Antipyretics,J B Chemicals and Pharmaceuticals Ltd,strip of 10 tablets,Diclofenac (50mg) + Paracetamol (325mg),83.92,In Stock,Tata 1mg Public Catalogue,https://www.1mg.com/drugs/dicloran-a-tablet-125399
Tramadol Hydrochloride 50mg Injection,Analgesics & Antipyretics,Ciron Drugs & Pharmaceuticals Pvt Ltd,vial of 1 ml Injection,Tramadol (50mg),8.44,Out of Stock,Tata 1mg Public Catalogue,https://www.1mg.com/drugs/tramadol-hydrochloride-50mg-injection-447545
Tramazac Capsule,Analgesics & Antipyretics,Zydus Cadila,strip of 10 capsules,Tramadol (50mg),51.45,Out of Stock,Tata 1mg Public Catalogue,https://www.1mg.com/drugs/tramazac-capsule-116484
Tramadol 50mg Capsule,Analgesics & Antipyretics,Aequitas Healthcare Pvt Ltd,strip of 10 capsules,Tramadol (50mg),43.03,Out of Stock,Tata 1mg Public Catalogue,https://www.1mg.com/drugs/tramadol-50mg-capsule-515000
Tramazac-P Tablet DT,Analgesics & Antipyretics,Zydus Cadila,strip of 10 tablet dt,Tramadol (37.5mg) + Paracetamol (325mg),149.43,Out of Stock,Tata 1mg Public Catalogue,https://www.1mg.com/drugs/tramazac-p-tablet-dt-130954
Tramadin Plus 37.5mg/325mg Tablet,Analgesics & Antipyretics,Mankind Pharma Ltd,strip of 10 tablets,Tramadol (37.5mg) + Paracetamol (325mg),87.2,Out of Stock,Tata 1mg Public Catalogue,https://www.1mg.com/drugs/tramadin-plus-37.5mg-325mg-tablet-137264
Mefen P DS Oral Suspension,Analgesics & Antipyretics,Pelzar Healthcare,bottle of 60 ml Oral Suspension,Mefenamic Acid (100mg) + Paracetamol (250mg),42.19,Out of Stock,Tata 1mg Public Catalogue,https://www.1mg.com/drugs/mefen-p-ds-oral-suspension-609150
Mefentod Plus Oral Suspension,Analgesics & Antipyretics,Entod Pharmaceuticals Ltd,bottle of 60 ml Oral Suspension,Mefenamic Acid (100mg) + Paracetamol (250mg),78.75,Out of Stock,Tata 1mg Public Catalogue,https://www.1mg.com/drugs/mefentod-plus-oral-suspension-622359
Mefenil 80mg/250mg Tablet DT,Analgesics & Antipyretics,Nilrise Pharmaceuticals Pvt Ltd,strip of 10 tablet dt,Drotaverine (80mg) + Mefenamic Acid (250mg),46.88,Out of Stock,Tata 1mg Public Catalogue,https://www.1mg.com/drugs/mefenil-80mg-250mg-tablet-dt-469260
Mefen D 10mg/250mg Tablet,Analgesics & Antipyretics,Frank Medilink,strip of 10 tablets,Dicyclomine (10mg) + Mefenamic Acid (250mg),18.75,Out of Stock,Tata 1mg Public Catalogue,https://www.1mg.com/drugs/mefen-d-10mg-250mg-tablet-456444
Mefen 500mg/2mg Tablet MR,Analgesics & Antipyretics,Oyster Labs Ltd,strip of 10 tablet mr,Mefenamic Acid (500mg) + Tizanidine (2mg),30.0,Out of Stock,Tata 1mg Public Catalogue,https://www.1mg.com/drugs/mefen-500mg-2mg-tablet-mr-457510
Atorva 40 Tablet,Cardiovascular & Antihypertensives,Zydus Cadila,strip of 10 tablets,Atorvastatin (40mg),207.5,In Stock,Tata 1mg Public Catalogue,https://www.1mg.com/drugs/atorva-40-tablet-46666
Atorva Tablet,Cardiovascular & Antihypertensives,Zydus Cadila,strip of 15 tablets,Atorvastatin (10mg),80.14,In Stock,Tata 1mg Public Catalogue,https://www.1mg.com/drugs/atorva-tablet-506170
Atorva 20 Tablet,Cardiovascular & Antihypertensives,Zydus Cadila,strip of 15 tablets,Atorvastatin (20mg),202.54,In Stock,Tata 1mg Public Catalogue,https://www.1mg.com/drugs/atorva-20-tablet-513352
Atorlip-F Tablet,Cardiovascular & Antihypertensives,Cipla Ltd,strip of 15 tablets,Atorvastatin (10mg) + Fenofibrate (145mg),503.38,In Stock,Tata 1mg Public Catalogue,https://www.1mg.com/drugs/atorlip-f-tablet-330974
Atorva 80 Tablet,Cardiovascular & Antihypertensives,Zydus Cadila,strip of 10 tablets,Atorvastatin (80mg),436.3,In Stock,Tata 1mg Public Catalogue,https://www.1mg.com/drugs/atorva-80-tablet-46673
Metosartan 50 Tablet ER,Cardiovascular & Antihypertensives,Sun Pharmaceutical Industries Ltd,strip of 10 tablet er,Telmisartan (40mg) + Metoprolol Succinate (50mg),220.0,In Stock,Tata 1mg Public Catalogue,https://www.1mg.com/drugs/metosartan-50-tablet-er-154227
Metosartan 25 Tablet ER,Cardiovascular & Antihypertensives,Sun Pharmaceutical Industries Ltd,strip of 10 tablet er,Telmisartan (40mg) + Metoprolol Succinate (25mg),190.0,In Stock,Tata 1mg Public Catalogue,https://www.1mg.com/drugs/metosartan-25-tablet-er-65378
MetoLAR XR 25 Capsule,Cardiovascular & Antihypertensives,Cipla Ltd,strip of 15 capsule er,Metoprolol Succinate (23.75mg),85.16,In Stock,Tata 1mg Public Catalogue,https://www.1mg.com/drugs/metolar-xr-25-capsule-297319
MetoLAR XR 50 Capsule,Cardiovascular & Antihypertensives,Cipla Ltd,strip of 15 capsule er,Metoprolol Succinate (47.5mg),121.96,In Stock,Tata 1mg Public Catalogue,https://www.1mg.com/drugs/metolar-xr-50-capsule-18479
MetoLAR 25 Tablet,Cardiovascular & Antihypertensives,Cipla Ltd,strip of 15 tablets,Metoprolol Tartrate (25mg),43.65,In Stock,Tata 1mg Public Catalogue,https://www.1mg.com/drugs/metolar-25-tablet-300382
Losar 50 Tablet,Cardiovascular & Antihypertensives,Torrent Pharmaceuticals Ltd,strip of 15 tablets,Losartan (50mg),178.31,In Stock,Tata 1mg Public Catalogue,https://www.1mg.com/drugs/losar-50-tablet-74731
Losar-H Tablet,Cardiovascular & Antihypertensives,Torrent Pharmaceuticals Ltd,strip of 15 tablets,Losartan (50mg) + Hydrochlorothiazide (12.5mg),311.86,In Stock,Tata 1mg Public Catalogue,https://www.1mg.com/drugs/losar-h-tablet-65185
Losar 25 Tablet,Cardiovascular & Antihypertensives,Torrent Pharmaceuticals Ltd,strip of 15 tablets,Losartan (25mg),103.73,In Stock,Tata 1mg Public Catalogue,https://www.1mg.com/drugs/losar-25-tablet-74800
Losar-A Tablet,Cardiovascular & Antihypertensives,Torrent Pharmaceuticals Ltd,strip of 15 tablets,Losartan (50mg) + Amlodipine (5mg),341.67,In Stock,Tata 1mg Public Catalogue,https://www.1mg.com/drugs/losar-a-tablet-329369
Losakind-H Tablet,Cardiovascular & Antihypertensives,Mankind Pharma Ltd,strip of 10 tablets,Losartan (50mg) + Hydrochlorothiazide (12.5mg),105.47,In Stock,Tata 1mg Public Catalogue,https://www.1mg.com/drugs/losakind-h-tablet-115466
Rosuvas 10 Tablet,Cardiovascular & Antihypertensives,Sun Pharmaceutical Industries Ltd,strip of 15 tablets,Rosuvastatin (10mg),375.0,In Stock,Tata 1mg Public Catalogue,https://www.1mg.com/drugs/rosuvas-10-tablet-113791
Rosuvas F 10 Tablet,Cardiovascular & Antihypertensives,Sun Pharmaceutical Industries Ltd,strip of 15 tablets,Fenofibrate (160mg) + Rosuvastatin (10mg),460.0,In Stock,Tata 1mg Public Catalogue,https://www.1mg.com/drugs/rosuvas-f-10-tablet-70088
Rosuvas 20 Tablet,Cardiovascular & Antihypertensives,Sun Pharmaceutical Industries Ltd,strip of 10 tablets,Rosuvastatin (20mg),480.0,In Stock,Tata 1mg Public Catalogue,https://www.1mg.com/drugs/rosuvas-20-tablet-31109
Rosuva Gold 20 Capsule,Cardiovascular & Antihypertensives,Pure and Cure Healthcare Private Limited,strip of 10 capsules,Aspirin (75mg) + Rosuvastatin (20mg) + Clopidogrel (75mg),346.88,In Stock,Tata 1mg Public Catalogue,https://www.1mg.com/drugs/rosuva-gold-20-capsule-330922
Rosuvas CV 10 Tablet,Cardiovascular & Antihypertensives,Sun Pharmaceutical Industries Ltd,strip of 10 tablets,Rosuvastatin (10mg) + Clopidogrel (75mg),205.31,In Stock,Tata 1mg Public Catalogue,https://www.1mg.com/drugs/rosuvas-cv-10-tablet-206733
Clopitab Tablet,Cardiovascular & Antihypertensives,Lupin Ltd,strip of 15 tablets,Clopidogrel (75mg),107.2,In Stock,Tata 1mg Public Catalogue,https://www.1mg.com/drugs/clopitab-tablet-75287
Clopitab-A 75 Capsule,Cardiovascular & Antihypertensives,Lupin Ltd,strip of 15 capsules,Aspirin (75mg) + Clopidogrel (75mg),137.5,In Stock,Tata 1mg Public Catalogue,https://www.1mg.com/drugs/clopitab-a-75-capsule-75289
Clopitab-CV 10 Capsule,Cardiovascular & Antihypertensives,Lupin Ltd,strip of 15 capsules,Atorvastatin (10mg) + Clopidogrel (75mg),302.25,In Stock,Tata 1mg Public Catalogue,https://www.1mg.com/drugs/clopitab-cv-10-capsule-460916
Clopilet Tablet,Cardiovascular & Antihypertensives,Sun Pharmaceutical Industries Ltd,strip of 15 tablets,Clopidogrel (75mg),107.4,In Stock,Tata 1mg Public Catalogue,https://www.1mg.com/drugs/clopilet-tablet-328244
Enalros 5mg Tablet,Cardiovascular & Antihypertensives,Roussel Laboratories Pvt Ltd,strip of 10 tablets,Enalapril (5mg),30.55,In Stock,Tata 1mg Public Catalogue,https://www.1mg.com/drugs/enalros-5mg-tablet-564353
Enal 5mg Tablet,Cardiovascular & Antihypertensives,East West Pharma,strip of 10 tablets,Enalapril (5mg),31.6,In Stock,Tata 1mg Public Catalogue,https://www.1mg.com/drugs/enal-5mg-tablet-336482
Enalapril 5mg Tablet,Cardiovascular & Antihypertensives,Globela Pharma Pvt Ltd,strip of 10 tablets,Enalapril (5mg),27.19,Out of Stock,Tata 1mg Public Catalogue,https://www.1mg.com/drugs/enalapril-5mg-tablet-761643
Enalatab 2.5mg Tablet,Cardiovascular & Antihypertensives,Prevego Healthcare & Research Private Limited,strip of 10 tablets,Enalapril (2.5mg),20.18,In Stock,Tata 1mg Public Catalogue,https://www.1mg.com/drugs/enalatab-2.5mg-tablet-819756
Ramitorva   Capsule,Cardiovascular & Antihypertensives,Zydus Cadila,strip of 10 capsules,Atorvastatin (10mg) + Aspirin (75mg) + Ramipril (5mg),58.42,In Stock,Tata 1mg Public Catalogue,https://www.1mg.com/drugs/ramitorva-capsule-149455
RAMIstar 2.5 Tablet,Cardiovascular & Antihypertensives,Lupin Ltd,strip of 15 tablets,Ramipril (2.5mg),83.9,In Stock,Tata 1mg Public Catalogue,https://www.1mg.com/drugs/ramistar-2.5-tablet-410123
RAMIstar 5 Tablet,Cardiovascular & Antihypertensives,Lupin Ltd,strip of 15 tablets,Ramipril (5mg),131.8,In Stock,Tata 1mg Public Catalogue,https://www.1mg.com/drugs/ramistar-5-tablet-411203
Ramipiril 5mg Tablet,Cardiovascular & Antihypertensives,Biochem Pharmaceutical Industries,strip of 10 tablets,Ramipril (5mg),70.22,Out of Stock,Tata 1mg Public Catalogue,https://www.1mg.com/drugs/ramipiril-5mg-tablet-249373
Bisoheart 2.5 Tablet,Cardiovascular & Antihypertensives,Mankind Pharma Ltd,strip of 10 tablets,Bisoprolol (2.5mg),74.96,In Stock,Tata 1mg Public Catalogue,https://www.1mg.com/drugs/bisoheart-2.5-tablet-139209
Bisoheart 5mg Tablet,Cardiovascular & Antihypertensives,Mankind Pharma Ltd,strip of 10 tablets,Bisoprolol (5mg),106.06,In Stock,Tata 1mg Public Catalogue,https://www.1mg.com/drugs/bisoheart-5mg-tablet-144238
BisoneXT 2.5mg Tablet,Cardiovascular & Antihypertensives,Lupin Ltd,strip of 15 tablets,Bisoprolol (2.5mg),132.15,In Stock,Tata 1mg Public Catalogue,https://www.1mg.com/drugs/bisonext-2.5mg-tablet-630617
BisoneXT 5mg Tablet,Cardiovascular & Antihypertensives,Lupin Ltd,strip of 15 tablets,Bisoprolol (5mg),179.0,In Stock,Tata 1mg Public Catalogue,https://www.1mg.com/drugs/bisonext-5mg-tablet-630856
Bisobis 2.5mg Tablet,Cardiovascular & Antihypertensives,Corona Remedies Pvt Ltd,strip of 10 tablets,Bisoprolol (2.5mg),54.84,In Stock,Tata 1mg Public Catalogue,https://www.1mg.com/drugs/bisobis-2.5mg-tablet-702323
Diltigesic Organogel,Cardiovascular & Antihypertensives,Troikaa Pharmaceuticals Ltd.,tube of 30 gm Rectal Gel,Diltiazem (2% w/w),234.37,In Stock,Tata 1mg Public Catalogue,https://www.1mg.com/drugs/diltigesic-organogel-304557
Diltanol 90mg Tablet SR,Cardiovascular & Antihypertensives,Knoll Pharmaceuticals Ltd,strip of 10 tablet sr,Diltiazem (90mg),116.5,In Stock,Tata 1mg Public Catalogue,https://www.1mg.com/drugs/diltanol-90mg-tablet-sr-564383
Diltra 50mg/300mg/300mg Tablet,Cardiovascular & Antihypertensives,Aurobindo Pharma Ltd,bottle of 30 tablets,Dolutegravir (50mg) + Lamivudine (300mg) + Tenofovir disoproxil fumarate (300mg),3592.5,Out of Stock,Tata 1mg Public Catalogue,https://www.1mg.com/drugs/diltra-50mg-300mg-300mg-tablet-819436
nEBIcard 5 Tablet,Cardiovascular & Antihypertensives,Torrent Pharmaceuticals Ltd,strip of 10 tablets,Nebivolol (5mg),195.0,In Stock,Tata 1mg Public Catalogue,https://www.1mg.com/drugs/nebicard-5-tablet-20141
nEBIcard 2.5 Tablet,Cardiovascular & Antihypertensives,Torrent Pharmaceuticals Ltd,strip of 15 tablets,Nebivolol (2.5mg),182.0,In Stock,Tata 1mg Public Catalogue,https://www.1mg.com/drugs/nebicard-2.5-tablet-335042
Nebistar 5 Tablet,Cardiovascular & Antihypertensives,Lupin Ltd,strip of 15 tablets,Nebivolol (5mg),305.0,In Stock,Tata 1mg Public Catalogue,https://www.1mg.com/drugs/nebistar-5-tablet-338302
Nebicard-SM Tablet,Cardiovascular & Antihypertensives,Torrent Pharmaceuticals Ltd,strip of 10 tablets,Nebivolol (5mg) + S-Amlodipine (2.5mg),250.0,In Stock,Tata 1mg Public Catalogue,https://www.1mg.com/drugs/nebicard-sm-tablet-65555
Nebistar-SA Tablet,Cardiovascular & Antihypertensives,Lupin Ltd,strip of 15 tablets,Nebivolol (5mg) + S-Amlodipine (2.5mg),427.75,In Stock,Tata 1mg Public Catalogue,https://www.1mg.com/drugs/nebistar-sa-tablet-456251
Metffil G1 Tablet,Antidiabetics,Fourrts India Laboratories Pvt Ltd,strip of 10 tablets,Glimepiride (1mg) + Metformin (500mg),47.81,Out of Stock,Tata 1mg Public Catalogue,https://www.1mg.com/drugs/metffil-g1-tablet-227273
Metffil VG 2 Tablet SR,Antidiabetics,Fourrts India Laboratories Pvt Ltd,strip of 15 tablet sr,Glimepiride (2mg) + Metformin (500mg) + Voglibose (0.2mg),192.1,In Stock,Tata 1mg Public Catalogue,https://www.1mg.com/drugs/metffil-vg-2-tablet-sr-412073
Metform -SR 500mg Tablet PR,Antidiabetics,Knoll Pharmaceuticals Ltd,strip of 10 Tablet pr,Metformin (500mg),22.31,In Stock,Tata 1mg Public Catalogue,https://www.1mg.com/drugs/metform-sr-500mg-tablet-pr-563689
Metford 500 Tablet,Antidiabetics,Johnlee Pharmaceuticals Pvt Ltd,strip of 10 tablets,Metformin (500mg),20.0,Out of Stock,Tata 1mg Public Catalogue,https://www.1mg.com/drugs/metford-500-tablet-412239
Metffil G2 Tablet PR,Antidiabetics,Fourrts India Laboratories Pvt Ltd,strip of 10 Tablet pr,Glimepiride (2mg) + Metformin (500mg),63.75,In Stock,Tata 1mg Public Catalogue,https://www.1mg.com/drugs/metffil-g2-tablet-pr-317851
Glimestar-M 1 Tablet PR,Antidiabetics,Mankind Pharma Ltd,strip of 10 Tablet pr,Glimepiride (1mg) + Metformin (500mg),74.89,Out of Stock,Tata 1mg Public Catalogue,https://www.1mg.com/drugs/glimestar-m-1-tablet-pr-64724
Glimestar-M 2 Tablet PR,Antidiabetics,Mankind Pharma Ltd,strip of 10 Tablet pr,Glimepiride (2mg) + Metformin (500mg),107.8,Out of Stock,Tata 1mg Public Catalogue,https://www.1mg.com/drugs/glimestar-m-2-tablet-pr-135207
Glimestar-PM2 Tablet ER,Antidiabetics,Mankind Pharma Ltd,strip of 10 tablet er,Glimepiride (2mg) + Metformin (500mg) + Pioglitazone (15mg),128.89,In Stock,Tata 1mg Public Catalogue,https://www.1mg.com/drugs/glimestar-pm2-tablet-er-135655
GlimiSAVe MV 3.3 Tablet SR,Antidiabetics,Eris Lifesciences Ltd,strip of 10 tablet sr,Glimepiride (3mg) + Metformin (500mg) + Voglibose (0.3mg),165.21,In Stock,Tata 1mg Public Catalogue,https://www.1mg.com/drugs/glimisave-mv-3.3-tablet-sr-318417
GlimiSAVe MV 2 Tablet SR,Antidiabetics,Eris Lifesciences Ltd,strip of 15 tablet sr,Glimepiride (2mg) + Metformin (500mg) + Voglibose (0.2mg),337.75,In Stock,Tata 1mg Public Catalogue,https://www.1mg.com/drugs/glimisave-mv-2-tablet-sr-221756
Vildamac M 50/500 Tablet,Antidiabetics,Macleods Pharmaceuticals Pvt Ltd,strip of 15 tablets,Metformin  (500mg) +  Vildagliptin (50mg),187.16,In Stock,Tata 1mg Public Catalogue,https://www.1mg.com/drugs/vildamac-m-50-500-tablet-567107
Vildamac 50 Tablet,Antidiabetics,Macleods Pharmaceuticals Pvt Ltd,strip of 15 tablets,Vildagliptin (50mg),148.21,In Stock,Tata 1mg Public Catalogue,https://www.1mg.com/drugs/vildamac-50-tablet-567175
Vildamac M 50/1000 Tablet,Antidiabetics,Macleods Pharmaceuticals Pvt Ltd,strip of 15 tablets,Metformin  (1000mg) +  Vildagliptin (50mg),182.01,In Stock,Tata 1mg Public Catalogue,https://www.1mg.com/drugs/vildamac-m-50-1000-tablet-562877
Vildagard M 500mg/50mg Tablet,Antidiabetics,Aristo Pharmaceuticals Pvt Ltd,strip of 15 tablets,Metformin  (500mg) +  Vildagliptin (50mg),162.5,In Stock,Tata 1mg Public Catalogue,https://www.1mg.com/drugs/vildagard-m-500mg-50mg-tablet-619447
Sitared-M Tablet 50/500,Antidiabetics,Sun Pharmaceutical Industries Ltd,strip of 15 tablets,Sitagliptin  (50mg) +  Metformin (500mg),193.0,In Stock,Tata 1mg Public Catalogue,https://www.1mg.com/drugs/sitared-m-tablet-50-500-776127
Sitaday M 500 Tablet,Antidiabetics,Mankind Pharma Ltd,strip of 15 tablets,Sitagliptin  (50mg) +  Metformin (500mg),177.88,In Stock,Tata 1mg Public Catalogue,https://www.1mg.com/drugs/sitaday-m-500-tablet-786929
SitaXA D 10mg/100mg Tablet,Antidiabetics,Torrent Pharmaceuticals Ltd,strip of 10 tablets,Dapagliflozin (10mg) + Sitagliptin (100mg),229.54,In Stock,Tata 1mg Public Catalogue,https://www.1mg.com/drugs/sitaxa-d-10mg-100mg-tablet-787411
Sitaglo M Tablet,Antidiabetics,Aristo Pharmaceuticals Pvt Ltd,strip of 15 tablets,Sitagliptin  (50mg) +  Metformin (500mg),169.0,In Stock,Tata 1mg Public Catalogue,https://www.1mg.com/drugs/sitaglo-m-tablet-771650
Tenepride M  500 Tablet PR,Antidiabetics,Micro Labs Ltd,strip of 15 Tablet pr,Metformin (500mg) + Teneligliptin (20mg),240.9,In Stock,Tata 1mg Public Catalogue,https://www.1mg.com/drugs/tenepride-m-500-tablet-pr-356690
Tenepla Tablet,Antidiabetics,Cipla Ltd,strip of 10 tablets,Teneligliptin (20mg),107.64,In Stock,Tata 1mg Public Catalogue,https://www.1mg.com/drugs/tenepla-tablet-410295
Tenectase 20mg Injection,Antidiabetics,Gennova Biopharmaceuticals Ltd,vial of 1 Injection,Tenecteplase (20mg),41498.0,In Stock,Tata 1mg Public Catalogue,https://www.1mg.com/drugs/tenectase-20mg-injection-393558
Tenefit-M Tablet SR,Antidiabetics,Systopic Laboratories Pvt Ltd,strip of 15 tablet sr,Metformin (500mg) + Teneligliptin (20mg),142.03,In Stock,Tata 1mg Public Catalogue,https://www.1mg.com/drugs/tenefit-m-tablet-sr-583975
Dapavel 10 Tablet,Antidiabetics,Intas Pharmaceuticals Ltd,strip of 10 tablets,Dapagliflozin (10mg),146.25,In Stock,Tata 1mg Public Catalogue,https://www.1mg.com/drugs/dapavel-10-tablet-630587
Dapanorm Trio Tablet ER,Antidiabetics,Alkem Laboratories Ltd,strip of 10 tablet er,Dapagliflozin (10mg) + Metformin (500mg) + Sitagliptin (100mg),244.9,In Stock,Tata 1mg Public Catalogue,https://www.1mg.com/drugs/dapanorm-trio-tablet-er-799749
DApanorm 10 Tablet,Antidiabetics,Alkem Laboratories Ltd,strip of 10 tablets,Dapagliflozin (10mg),197.8,Out of Stock,Tata 1mg Public Catalogue,https://www.1mg.com/drugs/dapanorm-10-tablet-630335
Dapanorm Trio Forte Tablet ER,Antidiabetics,Alkem Laboratories Ltd,strip of 10 tablet er,Dapagliflozin (10mg) + Metformin (1000mg) + Sitagliptin (100mg),255.2,In Stock,Tata 1mg Public Catalogue,https://www.1mg.com/drugs/dapanorm-trio-forte-tablet-er-799750
Daparyl 10 Tablet,Antidiabetics,Intas Pharmaceuticals Ltd,strip of 10 tablets,Dapagliflozin (10mg),146.25,Out of Stock,Tata 1mg Public Catalogue,https://www.1mg.com/drugs/daparyl-10-tablet-628521
Empara Forte Tablet,Antidiabetics,Signature Phytochemical Industries,strip of 10 tablets,Paracetamol (650mg),18.17,In Stock,Tata 1mg Public Catalogue,https://www.1mg.com/drugs/empara-forte-tablet-539916
Empanto 40mg Tablet,Antidiabetics,Moon Healthcare Pvt Ltd,strip of 10 tablets,Pantoprazole (40mg),75.0,Out of Stock,Tata 1mg Public Catalogue,https://www.1mg.com/drugs/empanto-40mg-tablet-547731
Empar 650mg Tablet,Antidiabetics,Symbiosis Life Sciences Limited,strip of 10 tablets,Paracetamol (650mg),18.28,In Stock,Tata 1mg Public Catalogue,https://www.1mg.com/drugs/empar-650mg-tablet-767755
empaONE 10mg Tablet,Antidiabetics,MSN Laboratories,strip of 10 tablets,Empagliflozin (10mg),117.19,In Stock,Tata 1mg Public Catalogue,https://www.1mg.com/drugs/empaone-10mg-tablet-719737
empaONE 25 Tablet,Antidiabetics,MSN Laboratories,strip of 10 tablets,Empagliflozin (25mg),170.14,In Stock,Tata 1mg Public Catalogue,https://www.1mg.com/drugs/empaone-25-tablet-706899
Gliptagreat M 500 Tablet,Antidiabetics,Mankind Pharma Ltd,strip of 10 tablets,Metformin  (500mg) +  Vildagliptin (50mg),92.57,In Stock,Tata 1mg Public Catalogue,https://www.1mg.com/drugs/gliptagreat-m-500-tablet-572172
Gliptagreat M 1000 Tablet,Antidiabetics,Mankind Pharma Ltd,strip of 10 tablets,Metformin  (1000mg) +  Vildagliptin (50mg),95.81,In Stock,Tata 1mg Public Catalogue,https://www.1mg.com/drugs/gliptagreat-m-1000-tablet-572620
Gliptagreat D 10mg/100mg Tablet,Antidiabetics,Mankind Pharma Ltd,strip of 10 tablets,Dapagliflozin (10mg) + Vildagliptin (100mg),212.12,In Stock,Tata 1mg Public Catalogue,https://www.1mg.com/drugs/gliptagreat-d-10mg-100mg-tablet-751182
Gliptagreat 50 Tablet,Antidiabetics,Mankind Pharma Ltd,strip of 15 tablets,Vildagliptin (50mg),102.56,In Stock,Tata 1mg Public Catalogue,https://www.1mg.com/drugs/gliptagreat-50-tablet-747834
Voglimac GM 2 Tablet SR,Antidiabetics,Macleods Pharmaceuticals Pvt Ltd,strip of 10 tablet sr,Glimepiride (2mg) + Metformin (500mg) + Voglibose (0.2mg),240.48,In Stock,Tata 1mg Public Catalogue,https://www.1mg.com/drugs/voglimac-gm-2-tablet-sr-148587
Vogli 0.3 Tablet MD,Antidiabetics,Medley Pharmaceuticals,strip of 10 tablet md,Voglibose (0.3mg),197.5,In Stock,Tata 1mg Public Catalogue,https://www.1mg.com/drugs/vogli-0.3-tablet-md-67175
Vogliboz 0.2 Tablet,Antidiabetics,Knoll Pharmaceuticals Ltd,strip of 10 tablets,Voglibose (0.2mg),84.5,In Stock,Tata 1mg Public Catalogue,https://www.1mg.com/drugs/vogliboz-0.2-tablet-350797
Vogli Trio 0.3 Tablet SR,Antidiabetics,Medley Pharmaceuticals,strip of 10 tablet sr,Voglibose (0.3mg) + Metformin (500mg) + Gliclazide (80mg),192.1,Out of Stock,Tata 1mg Public Catalogue,https://www.1mg.com/drugs/vogli-trio-0.3-tablet-sr-304476
Glicazide M 80mg/500mg Tablet,Antidiabetics,Zeelab Pharmacy Pvt Ltd,strip of 10 tablets,Gliclazide (80mg) + Metformin (500mg),25.0,In Stock,Tata 1mg Public Catalogue,https://www.1mg.com/drugs/glicazide-m-80mg-500mg-tablet-678102
Gliclazide 80mg Tablet,Antidiabetics,Redmax Pharma,strip of 10 tablets,Gliclazide (80mg),70.31,Out of Stock,Tata 1mg Public Catalogue,https://www.1mg.com/drugs/gliclazide-80mg-tablet-820964
Gliclaz M 80 mg/500 mg Tablet,Antidiabetics,Khandelwal Laboratories Pvt Ltd,strip of 15 tablets,Gliclazide (80mg) + Metformin (500mg),128.78,In Stock,Tata 1mg Public Catalogue,https://www.1mg.com/drugs/gliclaz-m-80-mg-500-mg-tablet-162482
Glicazide XR 60 Tablet,Antidiabetics,Zeelab Pharmacy Pvt Ltd,strip of 10 tablet mr,Gliclazide (60mg),20.0,In Stock,Tata 1mg Public Catalogue,https://www.1mg.com/drugs/glicazide-xr-60-tablet-794370
Glictrio MV 0.2mg/500mg/80mg Tablet,Antidiabetics,N Line Healthcare Private Limited,strip of 10 tablets,Voglibose (0.2mg) + Metformin (500mg) + Gliclazide (80mg),148.13,Out of Stock,Tata 1mg Public Catalogue,https://www.1mg.com/drugs/glictrio-mv-0.2mg-500mg-80mg-tablet-854642
Insugen 30/70 Solution for Injection 40IU/ml,Antidiabetics,Biocon,vial of 10 ml Solution for Injection,Insulin Isophane (70%) + Human insulin (30%),181.09,In Stock,Tata 1mg Public Catalogue,https://www.1mg.com/drugs/insugen-30-70-solution-for-injection-40iu-ml-117859
Insugen 50/50 Suspension for Injection 100IU/ml,Antidiabetics,Biocon,cartridge of 3 ml Suspension for Injection,Insulin Isophane (50%) + Human insulin (50%),312.84,In Stock,Tata 1mg Public Catalogue,https://www.1mg.com/drugs/insugen-50-50-suspension-for-injection-100iu-ml-133978
Insugen 30/70 100IU Refil Cartridge,Antidiabetics,Biocon,cartridge of 3 ml Suspension for Injection,Insulin Isophane (70%) + Human insulin (30%),344.12,In Stock,Tata 1mg Public Catalogue,https://www.1mg.com/drugs/insugen-30-70-100iu-refil-cartridge-192974
Insugen-R 40IU/ml Solution for Injection,Antidiabetics,Biocon,vial of 10 ml Solution for Injection,Human insulin (40IU),182.26,In Stock,Tata 1mg Public Catalogue,https://www.1mg.com/drugs/insugen-r-40iu-ml-solution-for-injection-117869
Pioglit 15 Tablet,Antidiabetics,Sun Pharmaceutical Industries Ltd,strip of 10 tablets,Pioglitazone (15mg),74.53,Out of Stock,Tata 1mg Public Catalogue,https://www.1mg.com/drugs/pioglit-15-tablet-27733
Pioglit 7.5 Tablet,Antidiabetics,Sun Pharmaceutical Industries Ltd,strip of 10 tablets,Pioglitazone (7.5mg),84.38,In Stock,Tata 1mg Public Catalogue,https://www.1mg.com/drugs/pioglit-7.5-tablet-67844
Pioglit MF 15 Tablet ER,Antidiabetics,Sun Pharmaceutical Industries Ltd,strip of 10 tablet er,Pioglitazone (15mg) + Metformin (500mg),143.44,In Stock,Tata 1mg Public Catalogue,https://www.1mg.com/drugs/pioglit-mf-15-tablet-er-113806
Pioglar 15 Tablet,Antidiabetics,Sun Pharmaceutical Industries Ltd,strip of 10 tablets,Pioglitazone (15mg),81.0,In Stock,Tata 1mg Public Catalogue,https://www.1mg.com/drugs/pioglar-15-tablet-27774
Pioglar-G Tablet,Antidiabetics,Sun Pharmaceutical Industries Ltd,strip of 10 tablets,Pioglitazone (15mg) + Glimepiride (2mg),168.75,In Stock,Tata 1mg Public Catalogue,https://www.1mg.com/drugs/pioglar-g-tablet-66025
Lopez MD 2 Tablet,Gastrointestinal,Intas Pharmaceuticals Ltd,strip of 10 tablet md,Lorazepam (2mg),29.5,Out of Stock,Tata 1mg Public Catalogue,https://www.1mg.com/drugs/lopez-md-2-tablet-346647
Lopez 2mg Tablet,Gastrointestinal,Intas Pharmaceuticals Ltd,strip of 10 tablets,Lorazepam (2mg),23.9,Out of Stock,Tata 1mg Public Catalogue,https://www.1mg.com/drugs/lopez-2mg-tablet-59442
Lopez MD 1 Tablet,Gastrointestinal,Intas Pharmaceuticals Ltd,strip of 10 tablet md,Lorazepam (1mg),24.25,Out of Stock,Tata 1mg Public Catalogue,https://www.1mg.com/drugs/lopez-md-1-tablet-346645
Lopez 1mg Tablet,Gastrointestinal,Intas Pharmaceuticals Ltd,strip of 10 tablets,Lorazepam (1mg),18.78,Out of Stock,Tata 1mg Public Catalogue,https://www.1mg.com/drugs/lopez-1mg-tablet-17072
Lopex 2mg Capsule,Gastrointestinal,Uni-Pex Pharmaceuticals Pvt Ltd,strip of 10 capsules,Loperamide (2mg),31.88,Out of Stock,Tata 1mg Public Catalogue,https://www.1mg.com/drugs/lopex-2mg-capsule-561092
Dicyclo 20mg/50mg Tablet,Gastrointestinal,Sedate Healthcare Pvt Ltd,strip of 10 tablets,Dicyclomine (20mg) + Diclofenac (50mg),14.06,Out of Stock,Tata 1mg Public Catalogue,https://www.1mg.com/drugs/dicyclo-20mg-50mg-tablet-471401
Dicy M 10mg/250mg Tablet,Gastrointestinal,Lexicon Biotech India Ltd,strip of 10 tablets,Dicyclomine (10mg) + Mefenamic Acid (250mg),22.5,Out of Stock,Tata 1mg Public Catalogue,https://www.1mg.com/drugs/dicy-m-10mg-250mg-tablet-434750
Orsik Tablet,Gastrointestinal,Ornate Labs Pvt Ltd,strip of 10 tablets,Tranexamic Acid (500mg) + Mefenamic Acid (250mg),44.01,Out of Stock,Tata 1mg Public Catalogue,https://www.1mg.com/drugs/orsik-tablet-247888
Orsivit LC Tablet,Gastrointestinal,Orsim Pharma,strip of 10 tablets,Levo-carnitine (200mg) + Vitamin E (150mg),42.19,Out of Stock,Tata 1mg Public Catalogue,https://www.1mg.com/drugs/orsivit-lc-tablet-426085
Orsine-Plus Tablet,Gastrointestinal,Plena Remedies,strip of 10 tablets,Trypsin (48mg) + Bromelain (90mg) + Rutoside (100mg) + Diclofenac (50mg),121.88,Out of Stock,Tata 1mg Public Catalogue,https://www.1mg.com/drugs/orsine-plus-tablet-618250
Orsik TM Tablet,Gastrointestinal,Ornate Labs Pvt Ltd,strip of 10 tablets,Tranexamic Acid (NA) + Mefenamic Acid (NA),182.81,Out of Stock,Tata 1mg Public Catalogue,https://www.1mg.com/drugs/orsik-tm-tablet-257179
Orsipram C 0.5mg/10mg Tablet,Gastrointestinal,Orsim Pharma,strip of 10 tablets,Clonazepam (0.5mg) + Escitalopram Oxalate (10mg),79.69,Out of Stock,Tata 1mg Public Catalogue,https://www.1mg.com/drugs/orsipram-c-0.5mg-10mg-tablet-854573
Cremaffin Plus  Syrup Refreshing Sugar Free,Gastrointestinal,Abbott,bottle of 225 ml Syrup,Sodium Picosulfate (3.33mg) + Liquid Paraffin (1.25ml) + Milk Of Magnesia (3.75ml),371.58,In Stock,Tata 1mg Public Catalogue,https://www.1mg.com/drugs/cremaffin-plus-syrup-refreshing-sugar-free-357685
Cremagel,Gastrointestinal,Abbott,tube of 30 gm Rectal Gel,Diltiazem (2% w/w),288.16,In Stock,Tata 1mg Public Catalogue,https://www.1mg.com/drugs/cremagel-147053
Cremalax Tablet,Gastrointestinal,Abbott,strip of 6 tablets,Sodium Picosulfate (10mg),92.11,In Stock,Tata 1mg Public Catalogue,https://www.1mg.com/drugs/cremalax-tablet-659600
CremaGel-L Rectal Gel,Gastrointestinal,Abbott,tube of 30 gm Rectal Gel,Diltiazem (2% w/w) + Lidocaine (2% w/w),311.95,In Stock,Tata 1mg Public Catalogue,https://www.1mg.com/drugs/cremagel-l-rectal-gel-800528
Gelurab D 30 mg/20 mg Capsule,Gastrointestinal,Pfizer Ltd,strip of 6 capsules,Domperidone (30mg) + Rabeprazole (20mg),42.4,Out of Stock,Tata 1mg Public Catalogue,https://www.1mg.com/drugs/gelurab-d-30-mg-20-mg-capsule-157318
Gelupin Mps Gelupin-MPS-NS Tablet,Gastrointestinal,Lupin Ltd,strip of 9 tablets,Magaldrate (400mg/5ml) + Simethicone (20mg/5ml),1.03,Out of Stock,Tata 1mg Public Catalogue,https://www.1mg.com/drugs/gelupin-mps-gelupin-mps-ns-tablet-734664
Gelusid-M Oral Suspension Mint,Gastrointestinal,Medlock Healthcare Pvt Ltd,bottle of 170 ml Oral Suspension,Magaldrate (400mg) + Simethicone (20mg),45.0,Out of Stock,Tata 1mg Public Catalogue,https://www.1mg.com/drugs/gelusid-m-oral-suspension-mint-494378
Gelupin O Syrup,Gastrointestinal,Lupin Ltd,bottle of 200 ml Syrup,Oxetacaine (10mg/5ml) + Aluminium Hydroxide (0.291mg/5ml) + Milk Of Magnesia (98mg/5ml),140.63,Out of Stock,Tata 1mg Public Catalogue,https://www.1mg.com/drugs/gelupin-o-syrup-734565
Gelumon MPS Liquid Mint Sugar Free,Gastrointestinal,Gurshyam Formulations,bottle of 170 ml Liquid,Dimethicone (50mg/5ml) + Aluminium Hydroxide (250mg/5ml) + Milk Of Magnesia (250mg/5ml) + Sorbitol (1.25mg/5ml),117.19,Out of Stock,Tata 1mg Public Catalogue,https://www.1mg.com/drugs/gelumon-mps-liquid-mint-sugar-free-932253
ASTHAlin Syrup,Respiratory & Antiasthmatics,Cipla Ltd,bottle of 100 ml Syrup,Salbutamol (2mg/5ml),18.9,In Stock,Tata 1mg Public Catalogue,https://www.1mg.com/drugs/asthalin-syrup-69589
Asthakind-DX Syrup Sugar Free,Respiratory & Antiasthmatics,Mankind Pharma Ltd,bottle of 60 ml Syrup,Chlorpheniramine Maleate (2mg/5ml) + Dextromethorphan Hydrobromide (15mg/5ml) + Phenylephrine (5mg/5ml),87.83,In Stock,Tata 1mg Public Catalogue,https://www.1mg.com/drugs/asthakind-dx-syrup-sugar-free-149334
ASTHAlin 100mcg Inhaler,Respiratory & Antiasthmatics,Cipla Ltd,packet of 200 MDI Inhaler,Salbutamol (100mcg),169.88,In Stock,Tata 1mg Public Catalogue,https://www.1mg.com/drugs/asthalin-100mcg-inhaler-141944
ASTHAlin Respules,Respiratory & Antiasthmatics,Cipla Ltd,packet of 2.5 ml Respules,Salbutamol (2.5mg),8.8,In Stock,Tata 1mg Public Catalogue,https://www.1mg.com/drugs/asthalin-respules-341377
Asthakind-LS Expectorant Cola Sugar Free,Respiratory & Antiasthmatics,Mankind Pharma Ltd,bottle of 100 ml Expectorant,Ambroxol (30mg/5ml) + Guaifenesin (50mg/5ml) + Levosalbutamol (1mg/5ml),120.13,In Stock,Tata 1mg Public Catalogue,https://www.1mg.com/drugs/asthakind-ls-expectorant-cola-sugar-free-216083
BUDEcort 0.5mg Respules (2ml Each),Respiratory & Antiasthmatics,Cipla Ltd,packet of 5 respules,Budesonide (0.5mg),127.9,In Stock,Tata 1mg Public Catalogue,https://www.1mg.com/drugs/budecort-0.5mg-respules-2ml-each-351796
BUDEsal 0.5mg Respules 2ml,Respiratory & Antiasthmatics,Cipla Ltd,packet of 5 respules,Levosalbutamol (1.25mg) + Budesonide (0.5mg),273.9,In Stock,Tata 1mg Public Catalogue,https://www.1mg.com/drugs/budesal-0.5mg-respules-2ml-367591
BUDEcort 200 Inhaler,Respiratory & Antiasthmatics,Cipla Ltd,packet of 200 MDI Inhaler,Budesonide (200mcg),434.7,In Stock,Tata 1mg Public Catalogue,https://www.1mg.com/drugs/budecort-200-inhaler-145190
BUDEcort 100 Inhaler,Respiratory & Antiasthmatics,Cipla Ltd,packet of 200 MDI Inhaler,Budesonide (100mcg),302.4,In Stock,Tata 1mg Public Catalogue,https://www.1mg.com/drugs/budecort-100-inhaler-48628
BUDEtrol 200 Inhaler,Respiratory & Antiasthmatics,Macleods Pharmaceuticals Pvt Ltd,packet of 120 MDI Inhaler,Formoterol (6mcg) + Budesonide (200mcg),376.35,In Stock,Tata 1mg Public Catalogue,https://www.1mg.com/drugs/budetrol-200-inhaler-63628
Foracort 200 Inhaler,Respiratory & Antiasthmatics,Cipla Ltd,packet of 120 MDI Inhaler,Formoterol (6mcg) + Budesonide (200mcg),381.76,In Stock,Tata 1mg Public Catalogue,https://www.1mg.com/drugs/foracort-200-inhaler-147935
FORAcort 0.5mg Respules (2ml Each),Respiratory & Antiasthmatics,Cipla Ltd,packet of 5 respules,Formoterol (20mcg/2ml) + Budesonide (0.5mg/2ml),454.4,In Stock,Tata 1mg Public Catalogue,https://www.1mg.com/drugs/foracort-0.5mg-respules-2ml-each-336671
Foracort 400 Inhaler,Respiratory & Antiasthmatics,Cipla Ltd,packet of 120 MDI Inhaler,Formoterol (6mcg) + Budesonide (400mcg),434.7,In Stock,Tata 1mg Public Catalogue,https://www.1mg.com/drugs/foracort-400-inhaler-148721
FORAcort 200 Rotacap,Respiratory & Antiasthmatics,Cipla Ltd,packet of 30 rotacaps,Formoterol (6mcg) + Budesonide (200mcg),183.3,In Stock,Tata 1mg Public Catalogue,https://www.1mg.com/drugs/foracort-200-rotacap-239107
FORAcort 400 Rotacap,Respiratory & Antiasthmatics,Cipla Ltd,bottle of 30 rotacaps,Formoterol (6mcg) + Budesonide (400mcg),224.27,In Stock,Tata 1mg Public Catalogue,https://www.1mg.com/drugs/foracort-400-rotacap-68419
Deriphyllin Tablet,Respiratory & Antiasthmatics,Zydus Cadila,strip of 30 tablets,Etofylline (77mg) + Theophylline (23mg),25.63,In Stock,Tata 1mg Public Catalogue,https://www.1mg.com/drugs/deriphyllin-tablet-496484
Deriphyllin Retard 150  Tablet PR,Respiratory & Antiasthmatics,Zydus Cadila,strip of 30 Tablet pr,Etofylline (115mg) + Theophylline (35mg),41.85,In Stock,Tata 1mg Public Catalogue,https://www.1mg.com/drugs/deriphyllin-retard-150-tablet-pr-323692
Deriva-CMS Gel,Respiratory & Antiasthmatics,Glenmark Pharmaceuticals Ltd,tube of 15 gm Gel,Adapalene (0.1% w/w) + Clindamycin (1% w/w),435.9,Out of Stock,Tata 1mg Public Catalogue,https://www.1mg.com/drugs/deriva-cms-gel-156191
Deriphyllin Retard 300 Tablet PR,Respiratory & Antiasthmatics,Zydus Cadila,strip of 30 Tablet pr,Etofylline (231mg) + Theophylline (69mg),64.43,In Stock,Tata 1mg Public Catalogue,https://www.1mg.com/drugs/deriphyllin-retard-300-tablet-pr-64064
Acebel-P 100mg/500mg Tablet,Respiratory & Antiasthmatics,Blubell Pharma,strip of 10 tablets,Aceclofenac (100mg) + Paracetamol (500mg),32.81,Out of Stock,Tata 1mg Public Catalogue,https://www.1mg.com/drugs/acebel-p-100mg-500mg-tablet-355255
Acebrobid SR Tablet,Respiratory & Antiasthmatics,Dr Reddy's Laboratories Ltd,strip of 10 tablet sr,Acebrophylline (200mg),216.07,Out of Stock,Tata 1mg Public Catalogue,https://www.1mg.com/drugs/acebrobid-sr-tablet-205614
Acebrofon 100 Capsule,Respiratory & Antiasthmatics,Knoll Pharmaceuticals Ltd,strip of 10 capsules,Acebrophylline (100mg),94.69,Out of Stock,Tata 1mg Public Catalogue,https://www.1mg.com/drugs/acebrofon-100-capsule-541968
Acebro 200mg Capsule SR,Respiratory & Antiasthmatics,Yash Remedies,strip of 10 capsule sr,Acebrophylline (200mg),211.88,Out of Stock,Tata 1mg Public Catalogue,https://www.1mg.com/drugs/acebro-200mg-capsule-sr-834294
Acebrohope-SR 200 Tablet,Respiratory & Antiasthmatics,Synetic Healthcare,strip of 10 tablet sr,Acebrophylline (200mg),145.31,Out of Stock,Tata 1mg Public Catalogue,https://www.1mg.com/drugs/acebrohope-sr-200-tablet-538353
Ambrodil-S Syrup,Respiratory & Antiasthmatics,Aristo Pharmaceuticals Pvt Ltd,bottle of 100 ml Syrup,Ambroxol (15mg/5ml) + Salbutamol (1mg/5ml),40.0,In Stock,Tata 1mg Public Catalogue,https://www.1mg.com/drugs/ambrodil-s-syrup-161343
Ambrodil Syrup,Respiratory & Antiasthmatics,Aristo Pharmaceuticals Pvt Ltd,bottle of 100 ml Syrup,Ambroxol (30mg/5ml),92.3,In Stock,Tata 1mg Public Catalogue,https://www.1mg.com/drugs/ambrodil-syrup-141454
Ambrodil-Plus RF Syrup,Respiratory & Antiasthmatics,Aristo Pharmaceuticals Pvt Ltd,bottle of 100 ml Syrup,Ambroxol (15mg/5ml) + Pseudoephedrine (30mg/5ml) + Chlorpheniramine Maleate (2mg/5ml),100.31,In Stock,Tata 1mg Public Catalogue,https://www.1mg.com/drugs/ambrodil-plus-rf-syrup-340760
Ambrolite-S Expectorant,Respiratory & Antiasthmatics,Tablets India Limited,bottle of 100 ml Expectorant,Ambroxol (30mg) + Guaifenesin (50mg) + Menthol (0.5mg) + Terbutaline (1.25mg),130.78,In Stock,Tata 1mg Public Catalogue,https://www.1mg.com/drugs/ambrolite-s-expectorant-63241
Dextrose 25% Infusion,Respiratory & Antiasthmatics,Claris Lifesciences Ltd,bottle of 100 ml Infusion,Dextrose (25% w/v),17.67,Out of Stock,Tata 1mg Public Catalogue,https://www.1mg.com/drugs/dextrose-25-infusion-304375
Dextomid 50mcg Injection,Respiratory & Antiasthmatics,Neon Laboratories Ltd,vial of 1 ml Injection,Dexmedetomidine (50mcg),198.7,Out of Stock,Tata 1mg Public Catalogue,https://www.1mg.com/drugs/dextomid-50mcg-injection-254239
Dextrose 5% Infusion,Respiratory & Antiasthmatics,Claris Lifesciences Ltd,bottle of 500 ml Infusion,Dextrose (5% w/v),31.36,Out of Stock,Tata 1mg Public Catalogue,https://www.1mg.com/drugs/dextrose-5-infusion-305424
Dextrol Syrup,Respiratory & Antiasthmatics,Progressive Life Care,bottle of 100 ml Syrup,Chlorpheniramine Maleate (4mg) + Dextromethorphan Hydrobromide (10mg) + Guaifenesin (50mg) + Phenylephrine (10mg),46.88,Out of Stock,Tata 1mg Public Catalogue,https://www.1mg.com/drugs/dextrol-syrup-426597
Fusibact Cream,Dermatological & Topicals,Cipla Ltd,tube of 10 gm Cream,Fusidic Acid (2% w/w),45.94,Out of Stock,Tata 1mg Public Catalogue,https://www.1mg.com/drugs/fusibact-cream-319092
Fusiwal B Cream,Dermatological & Topicals,Wallace Pharmaceuticals Pvt Ltd,tube of 10 gm Cream,Beclometasone (0.025% w/w) + Fusidic Acid (2% w/w),235.0,In Stock,Tata 1mg Public Catalogue,https://www.1mg.com/drugs/fusiwal-b-cream-280547
Fusiwal Cream,Dermatological & Topicals,Wallace Pharmaceuticals Pvt Ltd,tube of 5 gm Cream,Fusidic Acid (2% w/w),51.6,In Stock,Tata 1mg Public Catalogue,https://www.1mg.com/drugs/fusiwal-cream-161218
Fusiderm Cream,Dermatological & Topicals,Indi Pharma,tube of 10 gm Cream,Fusidic Acid (2% w/w),103.22,In Stock,Tata 1mg Public Catalogue,https://www.1mg.com/drugs/fusiderm-cream-313359
Fusirose Lotion,Dermatological & Topicals,Alaxia Healthcare,bottle of 15 ml Lotion,Fusidic Acid (2% w/w),197.8,In Stock,Tata 1mg Public Catalogue,https://www.1mg.com/drugs/fusirose-lotion-410636
Clot-XL 500 Tablet,Dermatological & Topicals,Shrinivas Gujarat Laboratories Pvt Ltd,strip of 10 tablets,Tranexamic Acid (500mg),194.6,Out of Stock,Tata 1mg Public Catalogue,https://www.1mg.com/drugs/clot-xl-500-tablet-225448
Clot 500mg Tablet,Dermatological & Topicals,Yester Pharma Pvt Ltd,strip of 10 tablets,Ethamsylate (500mg),100.31,Out of Stock,Tata 1mg Public Catalogue,https://www.1mg.com/drugs/clot-500mg-tablet-797871
Clotan Capsule,Dermatological & Topicals,Torrent Pharmaceuticals Ltd,strip of 10 capsules,Tolfenamic Acid (200mg),209.05,In Stock,Tata 1mg Public Catalogue,https://www.1mg.com/drugs/clotan-capsule-75296
Clotrin Ear Drop,Dermatological & Topicals,NuLife Pharmaceuticals,bottle of 10 ml Ear Drop,Lidocaine (2% w/v) + Clotrimazole (1% w/v),149.0,In Stock,Tata 1mg Public Catalogue,https://www.1mg.com/drugs/clotrin-ear-drop-301461
Clotrin Mouth Paint,Dermatological & Topicals,NuLife Pharmaceuticals,bottle of 15 ml Mouth Paint,Clotrimazole (1% w/v),220.0,In Stock,Tata 1mg Public Catalogue,https://www.1mg.com/drugs/clotrin-mouth-paint-302259
Ketorol-DT Tablet,Dermatological & Topicals,Dr Reddy's Laboratories Ltd,strip of 15 tablet dt,Ketorolac (10mg),182.78,In Stock,Tata 1mg Public Catalogue,https://www.1mg.com/drugs/ketorol-dt-tablet-338732
KetomAC Shampoo,Dermatological & Topicals,Torque Pharmaceuticals Pvt Ltd,bottle of 110 ml Shampoo,Ketoconazole (2% w/v),225.0,In Stock,Tata 1mg Public Catalogue,https://www.1mg.com/drugs/ketomac-shampoo-120458
KETO Soap,Dermatological & Topicals,Med Manor Organics Pvt Ltd,packet of 50 gm Soap,Ketoconazole (2% w/w),133.47,In Stock,Tata 1mg Public Catalogue,https://www.1mg.com/drugs/keto-soap-71498
KetoCIP 2% Shampoo,Dermatological & Topicals,Cipla Ltd,bottle of 100 ml Shampoo,Ketoconazole (2% w/v),346.88,In Stock,Tata 1mg Public Catalogue,https://www.1mg.com/drugs/ketocip-2-shampoo-539808
Ketoford 10mg Tablet DT,Dermatological & Topicals,Leeford Healthcare Ltd,strip of 10 tablet dt,Ketorolac (10mg),56.0,In Stock,Tata 1mg Public Catalogue,https://www.1mg.com/drugs/ketoford-10mg-tablet-dt-412021
Silverex Ionic Gel,Dermatological & Topicals,Sun Pharmaceutical Industries Ltd,tube of 20 gm Gel,Silver Nitrate (0.2% w/w),169.69,In Stock,Tata 1mg Public Catalogue,https://www.1mg.com/drugs/silverex-ionic-gel-66526
Silverex SSD Cream,Dermatological & Topicals,Sun Pharmaceutical Industries Ltd,tube of 10 gm Cream,Chlorhexidine Gluconate (0.2% w/w) + Silver Sulfadiazine (0.5% w/w),144.0,In Stock,Tata 1mg Public Catalogue,https://www.1mg.com/drugs/silverex-ssd-cream-649823
Silverex Heal Gel with Colloidal Silver | For Wound Dressing,Dermatological & Topicals,Sun Pharmaceutical Industries Ltd,tube of 15 gm Gel,Silver Colloid (32ppm),151.88,In Stock,Tata 1mg Public Catalogue,https://www.1mg.com/drugs/silverex-heal-gel-with-colloidal-silver-for-wound-dressing-377962
Permite 5 % Cream,Dermatological & Topicals,Torrent Pharmaceuticals Ltd,tube of 60 gm Cream,Permethrin (50mg/gm),118.4,In Stock,Tata 1mg Public Catalogue,https://www.1mg.com/drugs/permite-5-cream-371853
Permed Soap,Dermatological & Topicals,Med Manor Organics Pvt Ltd,packet of 75 gm Soap,Permethrin (1% w/w),124.58,In Stock,Tata 1mg Public Catalogue,https://www.1mg.com/drugs/permed-soap-166086
Permetron Lotion,Dermatological & Topicals,Alkem Laboratories Ltd,bottle of 150 ml Lotion,Permethrin (5% w/v),53.55,Out of Stock,Tata 1mg Public Catalogue,https://www.1mg.com/drugs/permetron-lotion-340049
Permiforce Cream,Dermatological & Topicals,Healing Pharma India Pvt Ltd,tube of 30 gm Cream,Permethrin (5% w/w),51.33,Out of Stock,Tata 1mg Public Catalogue,https://www.1mg.com/drugs/permiforce-cream-512191
Permin Cream,Dermatological & Topicals,Tripada Biotec Pvt Ltd,tube of 30 gm Cream,Permethrin (NA),52.03,Out of Stock,Tata 1mg Public Catalogue,https://www.1mg.com/drugs/permin-cream-185161
Hydrogen Peroxide Solution,Dermatological & Topicals,Comed Chemicals Ltd,bottle of 100 ml Solution,Hydrogen Peroxide (NA),30.0,Out of Stock,Tata 1mg Public Catalogue,https://www.1mg.com/drugs/hydrogen-peroxide-solution-153807
Hydroxyl  Mouth Wash,Dermatological & Topicals,Sandika Pharmaceuticals Pvt Ltd,bottle of 200 ml Mouth Wash,Hydrogen Peroxide (1.5% w/v),112.0,In Stock,Tata 1mg Public Catalogue,https://www.1mg.com/drugs/hydroxyl-mouth-wash-323651
Hydrox 25mg Tablet,Dermatological & Topicals,Monichem Healthcare Pvt Ltd,strip of 10 tablets,Hydroxyzine (25mg),28.13,Out of Stock,Tata 1mg Public Catalogue,https://www.1mg.com/drugs/hydrox-25mg-tablet-290639
Terbinaforce-Plus NF Cream,Dermatological & Topicals,Mankind Pharma Ltd,tube of 15 gm Cream,Clotrimazole (1% w/w) + Clobetasol (0.05% w/w) + Neomycin (0.5% w/w),81.1,In Stock,Tata 1mg Public Catalogue,https://www.1mg.com/drugs/terbinaforce-plus-nf-cream-547914
Terbinaforce Tablet,Dermatological & Topicals,Mankind Pharma Ltd,strip of 7 tablets,Terbinafine (250mg),136.86,In Stock,Tata 1mg Public Catalogue,https://www.1mg.com/drugs/terbinaforce-tablet-130879
Terbinaforce Cream,Dermatological & Topicals,Mankind Pharma Ltd,tube of 10 gm Cream,Terbinafine (1% w/w),56.44,In Stock,Tata 1mg Public Catalogue,https://www.1mg.com/drugs/terbinaforce-cream-156755
Terbinaforce 500 Tablet,Dermatological & Topicals,Mankind Pharma Ltd,strip of 7 tablets,Terbinafine (500mg),223.88,In Stock,Tata 1mg Public Catalogue,https://www.1mg.com/drugs/terbinaforce-500-tablet-335394
Calaptin 40 Tablet,Dermatological & Topicals,Abbott,strip of 30 tablets,Verapamil (40mg),27.4,In Stock,Tata 1mg Public Catalogue,https://www.1mg.com/drugs/calaptin-40-tablet-554273
Calaptin 120 SR Tablet,Dermatological & Topicals,Abbott,strip of 15 Tablet pr,Verapamil (120mg),95.86,In Stock,Tata 1mg Public Catalogue,https://www.1mg.com/drugs/calaptin-120-sr-tablet-543366
Calayus-Plus Softgel Capsule,Dermatological & Topicals,Aberdure Pharma,strip of 10 soft gelatin capsules,Calcitriol (0.25mcg) + Calcium Carbonate (500mg) + Omega-3 fatty acid (300mg) + Methylcobalamin (1500mcg) + Folic Acid (400mcg) + Boron (1.5mg),365.0,In Stock,Tata 1mg Public Catalogue,https://www.1mg.com/drugs/calayus-plus-softgel-capsule-904546
Calaptin 80 Tablet,Dermatological & Topicals,Abbott,strip of 30 tablets,Verapamil (80mg),50.94,In Stock,Tata 1mg Public Catalogue,https://www.1mg.com/drugs/calaptin-80-tablet-554266
Nadibact Cream,Dermatological & Topicals,Cipla Ltd,tube of 10 gm Cream,Nadifloxacin (1% w/w),145.42,In Stock,Tata 1mg Public Catalogue,https://www.1mg.com/drugs/nadibact-cream-68428
Nadibact Gel,Dermatological & Topicals,Cipla Ltd,tube of 10 gm Gel,Nadifloxacin (1% w/w),170.61,In Stock,Tata 1mg Public Catalogue,https://www.1mg.com/drugs/nadibact-gel-121831
Naditret 1% Cream,Dermatological & Topicals,KLM Laboratories Pvt Ltd,tube of 10 gm Cream,Nadifloxacin (1% w/w),135.94,In Stock,Tata 1mg Public Catalogue,https://www.1mg.com/drugs/naditret-1-cream-719848
Povidone Iodine Solution,Dermatological & Topicals,Wockhardt Ltd,bottle of 500 ml Solution,Povidone Iodine (0.50% w/v),263.6,Out of Stock,Tata 1mg Public Catalogue,https://www.1mg.com/drugs/povidone-iodine-solution-115993
Povidot Gargle,Dermatological & Topicals,Leeford Healthcare Ltd,bottle of 100 ml Gargle,Povidone Iodine (2% w/v),117.19,In Stock,Tata 1mg Public Catalogue,https://www.1mg.com/drugs/povidot-gargle-741758
Povifresh OZ Ointment,Dermatological & Topicals,Smart Laboratories Pvt Ltd,tube of 15 gm Ointment,Povidone Iodine (5% w/w) + Ornidazole (1% w/w),70.0,Out of Stock,Tata 1mg Public Catalogue,https://www.1mg.com/drugs/povifresh-oz-ointment-575560
PoviTotal Gargle,Dermatological & Topicals,Macleods Pharmaceuticals Pvt Ltd,bottle of 100 ml Gargle,Povidone Iodine (2% w/v),195.9,In Stock,Tata 1mg Public Catalogue,https://www.1mg.com/drugs/povitotal-gargle-679187
Lulifin Cream,Dermatological & Topicals,Sun Pharmaceutical Industries Ltd,tube of 20 gm Cream,Luliconazole (1% w/w),280.31,In Stock,Tata 1mg Public Catalogue,https://www.1mg.com/drugs/lulifin-cream-167710
Lulican Cream,Dermatological & Topicals,Glenmark Pharmaceuticals Ltd,tube of 30 gm Cream,Luliconazole (1% w/w),351.56,In Stock,Tata 1mg Public Catalogue,https://www.1mg.com/drugs/lulican-cream-339663
Lulilok Cream,Dermatological & Topicals,Eris Oaknet Healthcare Pvt Ltd,tube of 30 gm Cream,Luliconazole (1% w/w),135.79,In Stock,Tata 1mg Public Catalogue,https://www.1mg.com/drugs/lulilok-cream-345071
Lulimac Cream,Dermatological & Topicals,Macleods Pharmaceuticals Pvt Ltd,tube of 10 gm Cream,Luliconazole (1% w/w),168.09,In Stock,Tata 1mg Public Catalogue,https://www.1mg.com/drugs/lulimac-cream-340413
Shelcal XT Tablet,Vitamins & Mineral Supplements,Torrent Pharmaceuticals Ltd,strip of 15 tablets,Calcium Carbonate (1250mg) + Vitamin D3 (2000IU) + Methylcobalamin (1500mcg) + L-Methyl Folate Calcium (1mg) + Pyridoxal-5-phosphate (20mg),402.15,In Stock,Tata 1mg Public Catalogue,https://www.1mg.com/drugs/shelcal-xt-tablet-350480
"Shelcal - HD Tablet with Calcium & Vitamin D3 | Bone, Joint & Muscle Care",Vitamins & Mineral Supplements,Torrent Pharmaceuticals Ltd,strip of 15 tablets,Calcium (500mg) + Vitamin D3 (500IU),170.9,In Stock,Tata 1mg Public Catalogue,https://www.1mg.com/drugs/shelcal-hd-tablet-with-calcium-vitamin-d3-bone-joint-muscle-care-113885
Shelcal CT Tablet,Vitamins & Mineral Supplements,Torrent Pharmaceuticals Ltd,strip of 15 tablets,Calcium (500mg) + Vitamin D3 (0.25mcg),401.95,In Stock,Tata 1mg Public Catalogue,https://www.1mg.com/drugs/shelcal-ct-tablet-122019
Shelcal -HD 12 Tablet,Vitamins & Mineral Supplements,Torrent Pharmaceuticals Ltd,strip of 15 tablets,Calcium Carbonate (500mg) + Vitamin D3 (500IU) + Cyanocobalamin (15mcg),212.43,In Stock,Tata 1mg Public Catalogue,https://www.1mg.com/drugs/shelcal-hd-12-tablet-130702
Shelcal -CT Max Soft Gelatin Capsule,Vitamins & Mineral Supplements,Torrent Pharmaceuticals Ltd,strip of 15 soft gelatin capsules,Eicosapentaenoic Acid (180mg) + Docosahexanoic acid(DHA) (120mg) + Methylcobalamin (1500mcg) + Calcitriol (0.25mcg) + Calcium Carbonate (500mg) + Boron (1.5mg) + Folic Acid (400mcg),510.0,In Stock,Tata 1mg Public Catalogue,https://www.1mg.com/drugs/shelcal-ct-max-soft-gelatin-capsule-468840
Becotrol Capsule,Vitamins & Mineral Supplements,Pfizer Ltd,strip of 10 capsules,Calcium citrate (500mg) + Folic Acid (1.5mg) + Methylcobalamin (1500mcg) + Pyridoxine Hydrochloride (3mg) + Vitamin D3 (0.25mcg),242.32,In Stock,Tata 1mg Public Catalogue,https://www.1mg.com/drugs/becotrol-capsule-125089
Becozinc-M Tablet,Vitamins & Mineral Supplements,Dr Reddy's Laboratories Ltd,strip of 10 tablets,Methylcobalamin (1500mcg) + Alpha Lipoic Acid (100mg) + Vitamin B6 (Pyridoxine) (3mg) + Folic Acid (1.5mg) + Vitamin D3 (1000IU),157.52,In Stock,Tata 1mg Public Catalogue,https://www.1mg.com/drugs/becozinc-m-tablet-636551
Becotab Tablet,Vitamins & Mineral Supplements,Intas Pharmaceuticals Ltd,strip of 10 tablets,Loratadine (NA),10.55,Out of Stock,Tata 1mg Public Catalogue,https://www.1mg.com/drugs/becotab-tablet-167170
Becostar G Capsule,Vitamins & Mineral Supplements,Linux Laboratories,strip of 10 capsules,Nicotinic acid (NA),217.85,In Stock,Tata 1mg Public Catalogue,https://www.1mg.com/drugs/becostar-g-capsule-234453
Becocnx PM Tablet,Vitamins & Mineral Supplements,CNX Healthcare Pvt Ltd,strip of 10 tablets,Alpha Lipoic Acid (300mg) + Folic Acid (0.5mg) + Methylcobalamin (750mcg) + Pregabalin (75mg) + Vitamin B6 (Pyridoxine) (10mg),236.25,Out of Stock,Tata 1mg Public Catalogue,https://www.1mg.com/drugs/becocnx-pm-tablet-598354
Limcas 500mg Tablet,Vitamins & Mineral Supplements,Jantec Pharma,strip of 10 tablets,Levofloxacin (500mg),80.0,Out of Stock,Tata 1mg Public Catalogue,https://www.1mg.com/drugs/limcas-500mg-tablet-408459
Limcas OZ 250mg/500mg Tablet,Vitamins & Mineral Supplements,Jantec Pharma,strip of 10 tablets,Levofloxacin (250mg) + Ornidazole (500mg),135.0,Out of Stock,Tata 1mg Public Catalogue,https://www.1mg.com/drugs/limcas-oz-250mg-500mg-tablet-844522
Limcuf Syrup,Vitamins & Mineral Supplements,Limcon Healthcare,bottle of 100 ml Syrup,Ambroxol (15mg) + Guaifenesin (50mg) + Menthol (25mg) + Terbutaline (1.25mg),88.08,Out of Stock,Tata 1mg Public Catalogue,https://www.1mg.com/drugs/limcuf-syrup-907514
Limcas 250mg Tablet,Vitamins & Mineral Supplements,Jantec Pharma,strip of 10 tablets,Levofloxacin (250mg),45.0,In Stock,Tata 1mg Public Catalogue,https://www.1mg.com/drugs/limcas-250mg-tablet-408457
Ferrogen-XT Tablet For Folic acid Deficiency,Vitamins & Mineral Supplements,Intas Pharmaceuticals Ltd,strip of 10 tablets,Ferrous Ascorbate (100mg) + Folic Acid (1.5mg),152.34,In Stock,Tata 1mg Public Catalogue,https://www.1mg.com/drugs/ferrogen-xt-tablet-for-folic-acid-deficiency-170263
Ferri 100 Injection,Vitamins & Mineral Supplements,Emcure Pharmaceuticals Ltd,ampoule of 5 ml Injection,Iron Sucrose (100mg/5ml),301.39,In Stock,Tata 1mg Public Catalogue,https://www.1mg.com/drugs/ferri-100-injection-259167
Ferrofol-XT Tablet,Vitamins & Mineral Supplements,Regoshin Healthcare Pvt. Ltd.,strip of 10 tablets,Ferrous Ascorbate (100mg) + Folic Acid (1.5mg) + Zinc (22.5mg),140.63,Out of Stock,Tata 1mg Public Catalogue,https://www.1mg.com/drugs/ferrofol-xt-tablet-892330
Ferrous Max Tablet,Vitamins & Mineral Supplements,Athena Medicare,strip of 10 tablets,Ferrous Ascorbate (100mg) + Folic Acid (1.5mg),84.28,Out of Stock,Tata 1mg Public Catalogue,https://www.1mg.com/drugs/ferrous-max-tablet-687690
Ferroceff 200mg Tablet,Vitamins & Mineral Supplements,Medicant Lifesciences Pvt Ltd,strip of 6 tablets,Faropenem (200mg),487.5,In Stock,Tata 1mg Public Catalogue,https://www.1mg.com/drugs/ferroceff-200mg-tablet-749992
Zinconia 50 Tablet,Vitamins & Mineral Supplements,Zuventus Healthcare Ltd,strip of 10 tablets,Zinc acetate (50mg),75.15,In Stock,Tata 1mg Public Catalogue,https://www.1mg.com/drugs/zinconia-50-tablet-116749
Zincold Tablet,Vitamins & Mineral Supplements,Med Manor Organics Pvt Ltd,strip of 15 tablets,Chlorpheniramine Maleate (2mg) + Paracetamol (500mg) + Phenylephrine (10mg),95.63,In Stock,Tata 1mg Public Catalogue,https://www.1mg.com/drugs/zincold-tablet-297435
Zincogut Syrup,Vitamins & Mineral Supplements,Centaur Pharmaceuticals Pvt Ltd,bottle of 100 ml Syrup,Zinc (20mg),146.89,In Stock,Tata 1mg Public Catalogue,https://www.1mg.com/drugs/zincogut-syrup-329979
Zincoderm-GM Neo Cream,Vitamins & Mineral Supplements,Apex Laboratories Pvt Ltd,tube of 15 gm Cream,Clobetasol (0.05% w/w) + Miconazole (2% w/w) + Neomycin (0.5% w/w),70.68,In Stock,Tata 1mg Public Catalogue,https://www.1mg.com/drugs/zincoderm-gm-neo-cream-328264
Zincold Plus Tablet,Vitamins & Mineral Supplements,Med Manor Organics Pvt Ltd,strip of 10 tablets,Nimesulide (100mg) + Paracetamol (500mg) + Levocetirizine (2.5mg) + Phenylephrine (5mg) + Caffeine (25mg),59.06,Out of Stock,Tata 1mg Public Catalogue,https://www.1mg.com/drugs/zincold-plus-tablet-158919
Folitrax 15 Tablet,Vitamins & Mineral Supplements,Ipca Laboratories Ltd,strip of 10 tablets,Methotrexate (15mg),566.95,Out of Stock,Tata 1mg Public Catalogue,https://www.1mg.com/drugs/folitrax-15-tablet-18234
Folitrax 7.5 Tablet,Vitamins & Mineral Supplements,Ipca Laboratories Ltd,strip of 10 tablets,Methotrexate (7.5mg),197.35,In Stock,Tata 1mg Public Catalogue,https://www.1mg.com/drugs/folitrax-7.5-tablet-18228
"Folinext Gold Tablet with L-Methylfolate, Pyridoxal-5 Phosphate & Mecobalamin",Vitamins & Mineral Supplements,Aristo Pharmaceuticals Pvt Ltd,strip of 10 tablets,L-Methyl Folate (5mg) + Methylcobalamin (1500mcg) + Pyridoxal-5-phosphate (3mg),199.0,In Stock,Tata 1mg Public Catalogue,https://www.1mg.com/drugs/folinext-gold-tablet-with-l-methylfolate-pyridoxal-5-phosphate-mecobalamin-150274
Folitrax 10 Tablet,Vitamins & Mineral Supplements,Ipca Laboratories Ltd,strip of 10 tablets,Methotrexate (10mg),139.55,Out of Stock,Tata 1mg Public Catalogue,https://www.1mg.com/drugs/folitrax-10-tablet-138215
Folitrax 5 Tablet,Vitamins & Mineral Supplements,Ipca Laboratories Ltd,strip of 10 tablets,Methotrexate (5mg),101.33,In Stock,Tata 1mg Public Catalogue,https://www.1mg.com/drugs/folitrax-5-tablet-122524
Supracal Tablet | Calcium & Vitamin D3 Supplement for Bone Health,Vitamins & Mineral Supplements,Pharmed Ltd,strip of 15 tablets,Calcium citrate (1000mg) + Vitamin D3 (200IU) + Zinc Sulfate (4mg) + Magnesium Sulphate (100mg),215.0,In Stock,Tata 1mg Public Catalogue,https://www.1mg.com/drugs/supracal-tablet-calcium-vitamin-d3-supplement-for-bone-health-66696
Suprox SR Tablet,Vitamins & Mineral Supplements,Ind Swift Laboratories Ltd,strip of 10 tablet sr,Isoxsuprine (40mg),166.75,In Stock,Tata 1mg Public Catalogue,https://www.1mg.com/drugs/suprox-sr-tablet-116291
Supracal K2 Tablet | Advanced Bone & Joint Health Supplement,Vitamins & Mineral Supplements,Pharmed Ltd,strip of 10 tablets,Calcitriol (0.25mcg) + Calcium Citrate Malate (1200mg) + Vitamin K2-7 (50mcg),416.25,Out of Stock,Tata 1mg Public Catalogue,https://www.1mg.com/drugs/supracal-k2-tablet-advanced-bone-joint-health-supplement-113990
Supracal OS Tablet | Daily Bone Strength & Calcium Support,Vitamins & Mineral Supplements,Pharmed Ltd,strip of 10 tablets,Calcium citrate (1000mg) + Calcitriol (0.25mcg) + Zinc (7.5mg),240.0,In Stock,Tata 1mg Public Catalogue,https://www.1mg.com/drugs/supracal-os-tablet-daily-bone-strength-calcium-support-140032
Supridol 50mg Injection,Vitamins & Mineral Supplements,Neon Laboratories Ltd,vial of 1 ml Injection,Tramadol (50mg),12.19,Out of Stock,Tata 1mg Public Catalogue,https://www.1mg.com/drugs/supridol-50mg-injection-37468
Coenac 600mg Effervescent Tablet,Vitamins & Mineral Supplements,Koye Pharmaceuticals Pvt ltd,strip of 10 Effervescent Tablet,Acetylcysteine (600mg),244.69,Out of Stock,Tata 1mg Public Catalogue,https://www.1mg.com/drugs/coenac-600mg-effervescent-tablet-333773
Coenac AB 100mg/600mg Tablet,Vitamins & Mineral Supplements,Koye Pharmaceuticals Pvt ltd,strip of 10 tablets,Acebrophylline (100mg) + Acetylcysteine (600mg),146.25,In Stock,Tata 1mg Public Catalogue,https://www.1mg.com/drugs/coenac-ab-100mg-600mg-tablet-645218
Coenac 600mg Effervescent Tablet Orange Sugar Free,Vitamins & Mineral Supplements,Koye Pharmaceuticals Pvt ltd,strip of 10 Effervescent Tablet,Acetylcysteine (600mg),244.6,Out of Stock,Tata 1mg Public Catalogue,https://www.1mg.com/drugs/coenac-600mg-effervescent-tablet-orange-sugar-free-717803
Coenac 1000 Solution,Vitamins & Mineral Supplements,Koye Pharmaceuticals Pvt ltd,ampoule of 5 ml Injection,Acetylcysteine (1000mg),110.41,In Stock,Tata 1mg Public Catalogue,https://www.1mg.com/drugs/coenac-1000-solution-622551
MethycOBAL Tablet,Vitamins & Mineral Supplements,Wockhardt Ltd,strip of 15 tablets,Methylcobalamin (500mcg),166.41,In Stock,Tata 1mg Public Catalogue,https://www.1mg.com/drugs/methycobal-tablet-330401
MethycOBAL Injection,Vitamins & Mineral Supplements,Wockhardt Ltd,ampoule of 1 ml Injection,Methylcobalamin (500mcg),147.75,In Stock,Tata 1mg Public Catalogue,https://www.1mg.com/drugs/methycobal-injection-122861
Methergin Tablet,Vitamins & Mineral Supplements,Dr Reddy's Laboratories Ltd,strip of 10 tablets,Methylergometrine (0.125mg),95.99,In Stock,Tata 1mg Public Catalogue,https://www.1mg.com/drugs/methergin-tablet-7630
Methergin Injection,Vitamins & Mineral Supplements,Dr Reddy's Laboratories Ltd,vial of 1 ml Injection,Methylergometrine (0.2mg),15.93,In Stock,Tata 1mg Public Catalogue,https://www.1mg.com/drugs/methergin-injection-230862
Methimez 10 Tablet,Vitamins & Mineral Supplements,Sun Pharmaceutical Industries Ltd,strip of 30 tablets,Methimazole (10mg),390.0,In Stock,Tata 1mg Public Catalogue,https://www.1mg.com/drugs/methimez-10-tablet-534892
Fluoxet 20mg Capsule,Neuropsychiatric & Sedatives,Sigmund Promedica,strip of 10 capsules,Fluoxetine (20mg),39.0,Out of Stock,Tata 1mg Public Catalogue,https://www.1mg.com/drugs/fluoxet-20mg-capsule-152122
Fluoxecare 20 MD Tablet,Neuropsychiatric & Sedatives,Lifecare Neuro Products Limited,strip of 10 tablet md,Fluoxetine (20mg),32.81,Out of Stock,Tata 1mg Public Catalogue,https://www.1mg.com/drugs/fluoxecare-20-md-tablet-732942
Flu Ocd 50mg Tablet,Neuropsychiatric & Sedatives,Ishjas Pharma Pvt Ltd,strip of 10 tablets,Fluvoxamine (50mg),168.7,Out of Stock,Tata 1mg Public Catalogue,https://www.1mg.com/drugs/flu-ocd-50mg-tablet-630339
Fluoxet 10mg Tablet,Neuropsychiatric & Sedatives,Sigmund Promedica,strip of 10 tablets,Fluoxetine (10mg),15.91,Out of Stock,Tata 1mg Public Catalogue,https://www.1mg.com/drugs/fluoxet-10mg-tablet-302660
Fluoff Tablet,Neuropsychiatric & Sedatives,Pfimaxx Organics Pvt Ltd,strip of 10 tablets,Chlorpheniramine Maleate (2mg) + Phenylephrine (5mg),48.75,In Stock,Tata 1mg Public Catalogue,https://www.1mg.com/drugs/fluoff-tablet-232487
preGAlin 75 Capsule,Neuropsychiatric & Sedatives,Torrent Pharmaceuticals Ltd,strip of 15 capsules,Pregabalin (75mg),380.43,In Stock,Tata 1mg Public Catalogue,https://www.1mg.com/drugs/pregalin-75-capsule-146800
Pregaba-M 75 Capsule,Neuropsychiatric & Sedatives,Torrent Pharmaceuticals Ltd,strip of 15 capsules,Methylcobalamin (750mcg) + Pregabalin (75mg),394.03,In Stock,Tata 1mg Public Catalogue,https://www.1mg.com/drugs/pregaba-m-75-capsule-377480
PREgabA NT Tablet,Neuropsychiatric & Sedatives,Torrent Pharmaceuticals Ltd,strip of 10 tablets,Pregabalin (75mg) + Nortriptyline (10mg),282.46,In Stock,Tata 1mg Public Catalogue,https://www.1mg.com/drugs/pregaba-nt-tablet-143923
Pregabid NT Tablet,Neuropsychiatric & Sedatives,Intas Pharmaceuticals Ltd,strip of 15 tablets,Pregabalin (75mg) + Nortriptyline (10mg),450.6,In Stock,Tata 1mg Public Catalogue,https://www.1mg.com/drugs/pregabid-nt-tablet-368887
Pregacip M Capsule,Neuropsychiatric & Sedatives,Cipla Ltd,strip of 10 capsules,Methylcobalamin (750mcg) + Pregabalin (75mg),185.29,In Stock,Tata 1mg Public Catalogue,https://www.1mg.com/drugs/pregacip-m-capsule-252096
Gabapin NT Tablet,Neuropsychiatric & Sedatives,Intas Pharmaceuticals Ltd,strip of 15 tablets,Gabapentin (400mg) + Nortriptyline (10mg),546.5,In Stock,Tata 1mg Public Catalogue,https://www.1mg.com/drugs/gabapin-nt-tablet-328721
Gabapin NT 100 Tablet,Neuropsychiatric & Sedatives,Intas Pharmaceuticals Ltd,strip of 15 tablets,Gabapentin (100mg) + Nortriptyline (10mg),218.3,In Stock,Tata 1mg Public Catalogue,https://www.1mg.com/drugs/gabapin-nt-100-tablet-328720
Gabapin 100 Tablet,Neuropsychiatric & Sedatives,Intas Pharmaceuticals Ltd,strip of 15 tablets,Gabapentin (100mg),169.1,In Stock,Tata 1mg Public Catalogue,https://www.1mg.com/drugs/gabapin-100-tablet-349297
Gabaneuron NT Tablet,Neuropsychiatric & Sedatives,Aristo Pharmaceuticals Pvt Ltd,strip of 15 tablets,Gabapentin (300mg) + Nortriptyline (10mg),384.37,In Stock,Tata 1mg Public Catalogue,https://www.1mg.com/drugs/gabaneuron-nt-tablet-560322
Gabapin NT 200 Tablet,Neuropsychiatric & Sedatives,Intas Pharmaceuticals Ltd,strip of 15 tablets,Gabapentin (200mg) + Nortriptyline (10mg),324.8,In Stock,Tata 1mg Public Catalogue,https://www.1mg.com/drugs/gabapin-nt-200-tablet-646644
amiTONE 10mg Tablet,Neuropsychiatric & Sedatives,Intas Pharmaceuticals Ltd,strip of 10 tablets,Amitriptyline (10mg),20.61,In Stock,Tata 1mg Public Catalogue,https://www.1mg.com/drugs/amitone-10mg-tablet-43621
Amitop 10 Tablet,Neuropsychiatric & Sedatives,Tas Med India Pvt Ltd,strip of 10 tablets,Amitriptyline (10mg),24.68,In Stock,Tata 1mg Public Catalogue,https://www.1mg.com/drugs/amitop-10-tablet-43675
amiTONE 25mg Tablet,Neuropsychiatric & Sedatives,Intas Pharmaceuticals Ltd,strip of 10 tablets,Amitriptyline (25mg),26.74,In Stock,Tata 1mg Public Catalogue,https://www.1mg.com/drugs/amitone-25mg-tablet-43666
Amitriptyline Hcl 25mg Tablet,Neuropsychiatric & Sedatives,Densa Pharmaceuticals Pvt Ltd,strip of 10 tablets,Amitriptyline (25mg),9.38,Out of Stock,Tata 1mg Public Catalogue,https://www.1mg.com/drugs/amitriptyline-hcl-25mg-tablet-450930
DUlotin 10 Tablet,Neuropsychiatric & Sedatives,Icon Life Sciences,strip of 10 tablets,Duloxetine (10mg),93.0,In Stock,Tata 1mg Public Catalogue,https://www.1mg.com/drugs/dulotin-10-tablet-135557
Duloxee 20 Tablet,Neuropsychiatric & Sedatives,Talent India,strip of 10 tablets,Duloxetine (20mg),117.0,In Stock,Tata 1mg Public Catalogue,https://www.1mg.com/drugs/duloxee-20-tablet-6247
Duloren 20 Tablet,Neuropsychiatric & Sedatives,La Renon Healthcare Pvt Ltd,strip of 10 tablets,Duloxetine (20mg),104.06,In Stock,Tata 1mg Public Catalogue,https://www.1mg.com/drugs/duloren-20-tablet-334540
DUlotin 20mg Tablet,Neuropsychiatric & Sedatives,Icon Life Sciences,strip of 10 tablets,Duloxetine (20mg),125.0,In Stock,Tata 1mg Public Catalogue,https://www.1mg.com/drugs/dulotin-20mg-tablet-142159
Duloxee 30 Tablet,Neuropsychiatric & Sedatives,Talent India,strip of 10 tablets,Duloxetine (30mg),145.31,In Stock,Tata 1mg Public Catalogue,https://www.1mg.com/drugs/duloxee-30-tablet-6306
Valparin 200 Oral Solution Delicious Pineapple,Neuropsychiatric & Sedatives,Sanofi India Ltd,bottle of 200 ml Oral Solution,Sodium Valproate (200mg/5ml),138.6,In Stock,Tata 1mg Public Catalogue,https://www.1mg.com/drugs/valparin-200-oral-solution-delicious-pineapple-327935
VALprol -CR 500 Tablet,Neuropsychiatric & Sedatives,Intas Pharmaceuticals Ltd,strip of 15 tablet cr,Sodium Valproate (333mg) + Valproic Acid (145mg),149.63,In Stock,Tata 1mg Public Catalogue,https://www.1mg.com/drugs/valprol-cr-500-tablet-353586
VALprol -CR 300 Tablet,Neuropsychiatric & Sedatives,Intas Pharmaceuticals Ltd,strip of 15 tablet cr,Sodium Valproate (200mg) + Valproic Acid (87mg),98.44,In Stock,Tata 1mg Public Catalogue,https://www.1mg.com/drugs/valprol-cr-300-tablet-358526
Valprol-CR 200 Tablet,Neuropsychiatric & Sedatives,Intas Pharmaceuticals Ltd,strip of 15 tablet cr,Sodium Valproate (134mg) + Valproic Acid (58mg),57.8,In Stock,Tata 1mg Public Catalogue,https://www.1mg.com/drugs/valprol-cr-200-tablet-377479
Valparin Chrono 300 Tablet CR,Neuropsychiatric & Sedatives,Sanofi India Ltd,strip of 15 tablet cr,Sodium Valproate (200mg) + Valproic Acid (87mg),97.59,In Stock,Tata 1mg Public Catalogue,https://www.1mg.com/drugs/valparin-chrono-300-tablet-cr-767088
LeVERA 500 Tablet,Neuropsychiatric & Sedatives,Intas Pharmaceuticals Ltd,strip of 15 tablets,Levetiracetam (500mg),209.48,In Stock,Tata 1mg Public Catalogue,https://www.1mg.com/drugs/levera-500-tablet-357154
Levepsy 500 Tablet,Neuropsychiatric & Sedatives,Cipla Ltd,strip of 15 tablets,Levetiracetam (500mg),180.2,In Stock,Tata 1mg Public Catalogue,https://www.1mg.com/drugs/levepsy-500-tablet-325179
LeVERA Injection,Neuropsychiatric & Sedatives,Intas Pharmaceuticals Ltd,vial of 5 ml Injection,Levetiracetam (100mg),122.95,In Stock,Tata 1mg Public Catalogue,https://www.1mg.com/drugs/levera-injection-316865
LeVERA Solution,Neuropsychiatric & Sedatives,Intas Pharmaceuticals Ltd,bottle of 100 ml Oral Solution,Levetiracetam (100mg/ml),426.78,In Stock,Tata 1mg Public Catalogue,https://www.1mg.com/drugs/levera-solution-113668
Zolpid 10mg Tablet,Neuropsychiatric & Sedatives,Micro Labs Ltd,strip of 10 tablets,Zolpidem (10mg),89.35,Out of Stock,Tata 1mg Public Catalogue,https://www.1mg.com/drugs/zolpid-10mg-tablet-299659
Zolpigress 12.5mg Tablet,Neuropsychiatric & Sedatives,La Renon Healthcare Pvt Ltd,strip of 10 tablets,Zolpidem (12.5mg),134.06,Out of Stock,Tata 1mg Public Catalogue,https://www.1mg.com/drugs/zolpigress-12.5mg-tablet-244055
Zolpinite 5mg Tablet,Neuropsychiatric & Sedatives,Talent India,strip of 10 tablets,Zolpidem (5mg),58.05,Out of Stock,Tata 1mg Public Catalogue,https://www.1mg.com/drugs/zolpinite-5mg-tablet-144483
Zolpirest 10mg Tablet,Neuropsychiatric & Sedatives,East West Pharma,strip of 10 tablets,Zolpidem (10mg),57.66,Out of Stock,Tata 1mg Public Catalogue,https://www.1mg.com/drugs/zolpirest-10mg-tablet-474995
Zolpirest M 3mg/10mg Tablet,Neuropsychiatric & Sedatives,East West Pharma,strip of 10 tablets,Melatonin (3mg) + Zolpidem (10mg),86.53,Out of Stock,Tata 1mg Public Catalogue,https://www.1mg.com/drugs/zolpirest-m-3mg-10mg-tablet-526733
OlAN 10 Tablet,Neuropsychiatric & Sedatives,Micro Labs Ltd,strip of 10 tablets,Olanzapine (10mg),87.0,In Stock,Tata 1mg Public Catalogue,https://www.1mg.com/drugs/olan-10-tablet-23656
OlAN 5 Tablet,Neuropsychiatric & Sedatives,Micro Labs Ltd,strip of 10 tablets,Olanzapine (5mg),42.1,In Stock,Tata 1mg Public Catalogue,https://www.1mg.com/drugs/olan-5-tablet-23523
OlAN 2.5 Tablet,Neuropsychiatric & Sedatives,Micro Labs Ltd,strip of 10 tablets,Olanzapine (2.5mg),35.63,In Stock,Tata 1mg Public Catalogue,https://www.1mg.com/drugs/olan-2.5-tablet-23428
Olanex 5 Tablet,Neuropsychiatric & Sedatives,Eris Lifesciences Ltd,strip of 10 tablets,Olanzapine (5mg),60.47,In Stock,Tata 1mg Public Catalogue,https://www.1mg.com/drugs/olanex-5-tablet-244229
Moxikind-CV 625 Tablet,Ophthalmic & ENT,Mankind Pharma Ltd,strip of 10 tablets,Amoxycillin  (500mg) +  Clavulanic Acid (125mg),184.14,In Stock,Tata 1mg Public Catalogue,https://www.1mg.com/drugs/moxikind-cv-625-tablet-329310
Moxicip Eye Drop,Ophthalmic & ENT,Cipla Ltd,bottle of 5 ml Eye Drop,Moxifloxacin (0.5% w/v),261.22,In Stock,Tata 1mg Public Catalogue,https://www.1mg.com/drugs/moxicip-eye-drop-19304
Moxikind-CV Dry Syrup,Ophthalmic & ENT,Mankind Pharma Ltd,bottle of 30 ml Oral Suspension,Amoxycillin  (200mg/5ml) +  Clavulanic Acid (28.5mg/5ml),64.39,Out of Stock,Tata 1mg Public Catalogue,https://www.1mg.com/drugs/moxikind-cv-dry-syrup-261766
Moxikind-CV 375 Tablet,Ophthalmic & ENT,Mankind Pharma Ltd,strip of 10 tablets,Amoxycillin  (250mg) +  Clavulanic Acid (125mg),181.0,In Stock,Tata 1mg Public Catalogue,https://www.1mg.com/drugs/moxikind-cv-375-tablet-329308
Carbophage XR 500 Tablet,Ophthalmic & ENT,Merck Ltd,strip of 10 tablet er,Metformin (500mg),21.46,In Stock,Tata 1mg Public Catalogue,https://www.1mg.com/drugs/carbophage-xr-500-tablet-136043
Carboplatin 450mg Injection,Ophthalmic & ENT,Pfizer Ltd,vial of 45 ml Injection,Carboplatin (450mg),2790.47,Out of Stock,Tata 1mg Public Catalogue,https://www.1mg.com/drugs/carboplatin-450mg-injection-344611
Carbox 300 Tablet,Ophthalmic & ENT,Micro Labs Ltd,strip of 10 tablets,Oxcarbazepine (300mg),164.0,In Stock,Tata 1mg Public Catalogue,https://www.1mg.com/drugs/carbox-300-tablet-25187
Carbophage G 1 Tablet PR,Ophthalmic & ENT,Merck Ltd,strip of 10 Tablet pr,Glimepiride (1mg) + Metformin (500mg),110.49,In Stock,Tata 1mg Public Catalogue,https://www.1mg.com/drugs/carbophage-g-1-tablet-pr-300077
Carbophage G2 Tablet PR,Ophthalmic & ENT,Merck Ltd,strip of 10 Tablet pr,Glimepiride (2mg) + Metformin (500mg),145.65,In Stock,Tata 1mg Public Catalogue,https://www.1mg.com/drugs/carbophage-g2-tablet-pr-129260
Tobra D Eye Drop,Ophthalmic & ENT,Laborate Pharmaceuticals India Ltd,packet of 10 ml Eye Drop,Dexamethasone (0.1%) + Tobramycin (0.3%),69.3,In Stock,Tata 1mg Public Catalogue,https://www.1mg.com/drugs/tobra-d-eye-drop-252657
TobRA Eye Drop,Ophthalmic & ENT,Laborate Pharmaceuticals India Ltd,packet of 10 ml Eye Drop,Tobramycin (0.3% w/v),59.4,In Stock,Tata 1mg Public Catalogue,https://www.1mg.com/drugs/tobra-eye-drop-244168
Tobram Eye Ointment,Ophthalmic & ENT,Pharmtak Ophtalmics India Pvt Ltd,tube of 5 gm Eye Ointment,Tobramycin (0.3% w/w),85.0,In Stock,Tata 1mg Public Catalogue,https://www.1mg.com/drugs/tobram-eye-ointment-239076
Tobraza 5mg Tablet,Ophthalmic & ENT,Glenmark Pharmaceuticals Ltd,strip of 10 tablets,Tofacitinib (5mg),128.44,In Stock,Tata 1mg Public Catalogue,https://www.1mg.com/drugs/tobraza-5mg-tablet-894929
Olopat OD Eye Drops,Ophthalmic & ENT,Ajanta Pharma Limited,packet of 3 ml Ophthalmic Solution,Olopatadine (0.2% w/v),269.06,In Stock,Tata 1mg Public Catalogue,https://www.1mg.com/drugs/olopat-od-eye-drops-142876
Olopat BAK Free Eye Drop,Ophthalmic & ENT,Ajanta Pharma Limited,bottle of 5 ml Ophthalmic Solution,Olopatadine (0.1% w/v),223.12,In Stock,Tata 1mg Public Catalogue,https://www.1mg.com/drugs/olopat-bak-free-eye-drop-583194
Oloplus Eye Drop,Ophthalmic & ENT,Entod Pharmaceuticals Ltd,packet of 5 ml Ophthalmic Solution,Olopatadine (0.1% w/v),191.8,In Stock,Tata 1mg Public Catalogue,https://www.1mg.com/drugs/oloplus-eye-drop-333806
Olopat Max Eye Drop BAK Free,Ophthalmic & ENT,Ajanta Pharma Limited,bottle of 5 ml Ophthalmic Solution,Olopatadine (0.7% w/v),336.56,In Stock,Tata 1mg Public Catalogue,https://www.1mg.com/drugs/olopat-max-eye-drop-bak-free-646978
Chloro Ear Drop,Ophthalmic & ENT,Pfizer Ltd,packet of 5 ml Ear Drop,Chloramphenicol (5% w/v),28.89,Out of Stock,Tata 1mg Public Catalogue,https://www.1mg.com/drugs/chloro-ear-drop-287963
Chlorocol H Eye Ointment,Ophthalmic & ENT,Jawa Pharmaceuticals  Pvt Ltd,tube of 3 gm Eye Ointment,Chloramphenicol (10mg) + Hydrocortisone (5mg),153.7,In Stock,Tata 1mg Public Catalogue,https://www.1mg.com/drugs/chlorocol-h-eye-ointment-58707
Chloramphenicol 1% Eye Ointment,Ophthalmic & ENT,Pilco Pharma Pvt Ltd,tube of 1 Eye Ointment,Chloramphenicol (1% w/w),60.94,Out of Stock,Tata 1mg Public Catalogue,https://www.1mg.com/drugs/chloramphenicol-1-eye-ointment-550587
Chloromycetin Aplicap,Ophthalmic & ENT,Pfizer Ltd,strip of 50 Eye Capsules,Chloramphenicol (1% w/w),99.38,Out of Stock,Tata 1mg Public Catalogue,https://www.1mg.com/drugs/chloromycetin-aplicap-269750
Chloromycetin Ear Drop,Ophthalmic & ENT,Pfizer Ltd,bottle of 5 ml Ear Drop,Benzocaine (1% w/v) + Chloramphenicol (5% w/v),31.83,Out of Stock,Tata 1mg Public Catalogue,https://www.1mg.com/drugs/chloromycetin-ear-drop-293876
Otrivin Paediatric 0.05% w/v Nasal Drops for Fast Relief from Blocked Nose,Ophthalmic & ENT,GlaxoSmithKline Consumer Healthcare,bottle of 10 ml Nasal Drops,Xylometazoline (0.05% w/v),45.04,In Stock,Tata 1mg Public Catalogue,https://www.1mg.com/drugs/otrivin-paediatric-0.05-w-v-nasal-drops-for-fast-relief-from-blocked-nose-68521
Otrivin Saline,Ophthalmic & ENT,GlaxoSmithKline Consumer Healthcare,bottle of 10 ml Nasal Spray,Sodium Chloride (0.74% w/v),88.41,In Stock,Tata 1mg Public Catalogue,https://www.1mg.com/drugs/otrivin-saline-629583
Otrivin S Nasal Spray,Ophthalmic & ENT,GlaxoSmithKline Consumer Healthcare,packet of 10 ml Nasal Spray,Sodium Chloride (0.74% w/v),80.37,Out of Stock,Tata 1mg Public Catalogue,https://www.1mg.com/drugs/otrivin-s-nasal-spray-32955
Otrivin Paediatric 0.05% w/v Nasal Drops for Fast Relief from Blocked Nose Nasal Drops Pack of 3,Ophthalmic & ENT,GlaxoSmithKline Consumer Healthcare,bottle of 10 ml Nasal Drops,Xylometazoline (0.05% w/v),112.44,Out of Stock,Tata 1mg Public Catalogue,https://www.1mg.com/drugs/otrivin-paediatric-0.05-w-v-nasal-drops-for-fast-relief-from-blocked-nose-nasal-drops-pack-of-3-377310
Otrivib 0.1% Nasal Drops,Ophthalmic & ENT,Vibcare Pharma Pvt Ltd,bottle of 10 ml Nasal Drops,Xylometazoline (0.1% w/v),47.81,Out of Stock,Tata 1mg Public Catalogue,https://www.1mg.com/drugs/otrivib-0.1-nasal-drops-487191
Fluticone-FT Nasal Spray,Ophthalmic & ENT,Zydus Cadila,packet of 6 gm Nasal Spray,Fluticasone Furoate (27.5mcg),554.81,In Stock,Tata 1mg Public Catalogue,https://www.1mg.com/drugs/fluticone-ft-nasal-spray-160779
FLUTIbact Ointment,Ophthalmic & ENT,Glaxo SmithKline Pharmaceuticals Ltd,tube of 10 gm Ointment,Fluticasone Propionate (0.005% w/w) + Mupirocin (2% w/w),267.8,In Stock,Tata 1mg Public Catalogue,https://www.1mg.com/drugs/flutibact-ointment-192975
flutiCONE Nasal Spray,Ophthalmic & ENT,Zydus Cadila,packet of 12 ml Nasal Spray,Fluticasone Propionate (0.05% w/v),546.2,In Stock,Tata 1mg Public Catalogue,https://www.1mg.com/drugs/fluticone-nasal-spray-264341
Fluticone-OX Nasal Spray,Ophthalmic & ENT,Zydus Healthcare Limited,bottle of 7 gm Nasal Spray,Fluticasone Furoate (0.028% w/w) + Oxymetazoline (0.050% w/w),391.87,In Stock,Tata 1mg Public Catalogue,https://www.1mg.com/drugs/fluticone-ox-nasal-spray-803038
Bimat LS Eye Drop,Ophthalmic & ENT,Ajanta Pharma Limited,bottle of 3 ml Eye Drop,Bimatoprost (0.01% w/v),297.18,In Stock,Tata 1mg Public Catalogue,https://www.1mg.com/drugs/bimat-ls-eye-drop-160020
Bimat Eye Drop,Ophthalmic & ENT,Ajanta Pharma Limited,packet of 3 ml Ophthalmic Solution,Bimatoprost (0.3mg),450.0,In Stock,Tata 1mg Public Catalogue,https://www.1mg.com/drugs/bimat-eye-drop-58565
Bimat LS TM Eye Drop,Ophthalmic & ENT,Ajanta Pharma Limited,bottle of 3 ml Eye Drop,Bimatoprost (0.1mg/ml) + Timolol (5mg/ml),328.12,In Stock,Tata 1mg Public Catalogue,https://www.1mg.com/drugs/bimat-ls-tm-eye-drop-158737
Bimat-T Eye Drops,Ophthalmic & ENT,Ajanta Pharma Limited,bottle of 3 ml Ophthalmic Solution,Bimatoprost (0.3mg/ml) + Timolol (5mg/ml),509.06,In Stock,Tata 1mg Public Catalogue,https://www.1mg.com/drugs/bimat-t-eye-drops-150822
Bimato MS Eye Drops,Ophthalmic & ENT,Guerison MS Inc.,bottle of 3 ml Ophthalmic Solution,Bimatoprost (0.01% w/v),370.31,Out of Stock,Tata 1mg Public Catalogue,https://www.1mg.com/drugs/bimato-ms-eye-drops-853184
Timolet Eye Drop,Ophthalmic & ENT,Sun Pharmaceutical Industries Ltd,packet of 5 ml Eye Drop,Timolol (0.5% w/v),71.51,Out of Stock,Tata 1mg Public Catalogue,https://www.1mg.com/drugs/timolet-eye-drop-36788
Timolet OD BKC free Eye Drop,Ophthalmic & ENT,Sun Pharmaceutical Industries Ltd,packet of 3 ml Ophthalmic Solution,Timolol (0.5% w/v),42.91,In Stock,Tata 1mg Public Catalogue,https://www.1mg.com/drugs/timolet-od-bkc-free-eye-drop-167894
Timol P Eye Drop,Ophthalmic & ENT,Entod Pharmaceuticals Ltd,packet of 5 ml Eye Drop,Timolol (0.5% w/v),70.31,In Stock,Tata 1mg Public Catalogue,https://www.1mg.com/drugs/timol-p-eye-drop-288404
Timostar 0.5% Eye Drop,Ophthalmic & ENT,Mankind Pharma Ltd,packet of 5 ml Eye Drop,Timolol (0.5%),71.41,In Stock,Tata 1mg Public Catalogue,https://www.1mg.com/drugs/timostar-0.5-eye-drop-290097
Timo-5 Eye Drop,Ophthalmic & ENT,Syntho Pharmaceuticals Pvt Ltd,packet of 5 ml Eye Drop,Timolol (0.5% w/v),71.25,In Stock,Tata 1mg Public Catalogue,https://www.1mg.com/drugs/timo-5-eye-drop-289142
Pred Forte Ophthalmic Suspension,Ophthalmic & ENT,Allergan India Pvt Ltd,packet of 10 ml Ophthalmic Suspension,Prednisolone (1% w/v),61.91,In Stock,Tata 1mg Public Catalogue,https://www.1mg.com/drugs/pred-forte-ophthalmic-suspension-67609
Predmet 16 Tablet,Ophthalmic & ENT,Sun Pharmaceutical Industries Ltd,strip of 10 tablets,Methylprednisolone (16mg),137.0,In Stock,Tata 1mg Public Catalogue,https://www.1mg.com/drugs/predmet-16-tablet-13207
Predmet 4 Tablet,Ophthalmic & ENT,Sun Pharmaceutical Industries Ltd,strip of 15 tablets,Methylprednisolone (4mg),98.5,In Stock,Tata 1mg Public Catalogue,https://www.1mg.com/drugs/predmet-4-tablet-815267
Predmet 1% Eye Drop,Ophthalmic & ENT,Sun Pharmaceutical Industries Ltd,packet of 10 ml Eye Drop,Prednisolone (1% w/v),61.53,In Stock,Tata 1mg Public Catalogue,https://www.1mg.com/drugs/predmet-1-eye-drop-13287
Predmet 8 Tablet,Ophthalmic & ENT,Sun Pharmaceutical Industries Ltd,strip of 15 tablets,Methylprednisolone (8mg),117.0,In Stock,Tata 1mg Public Catalogue,https://www.1mg.com/drugs/predmet-8-tablet-821891
Hyalgan Injection,Ophthalmic & ENT,Lupin Ltd,prefilled syringe of 2 ml Injection,Hyaluronic Acid (20mg),1922.8,In Stock,Tata 1mg Public Catalogue,https://www.1mg.com/drugs/hyalgan-injection-233769
Hyalorx Eye Drop,Ophthalmic & ENT,IRx pharmaceuticals Pvt Ltd.,bottle of 10 ml Eye Drop,Sodium Hyaluronate (0.1% w/v),497.0,In Stock,Tata 1mg Public Catalogue,https://www.1mg.com/drugs/hyalorx-eye-drop-666983
Hyal Oral Tablet,Ophthalmic & ENT,Nouveau Medicament (P) Ltd.,strip of 10 tablets,Sodium Hyaluronate (20mg),93.4,In Stock,Tata 1mg Public Catalogue,https://www.1mg.com/drugs/hyal-oral-tablet-69220
Hyalone Injection,Ophthalmic & ENT,Lupin Ltd,vial of 4 ml Injection,Hyaluronic Acid (60mg),18717.08,In Stock,Tata 1mg Public Catalogue,https://www.1mg.com/drugs/hyalone-injection-156031
